country,year,index
Argentina,1990,0.5153256705
Argentina,1991,0.1979565773
Argentina,1992,0.1157760814
Argentina,1993,0.1581828134
Argentina,1994,0.1807692308
Argentina,1995,0.2082417582
Argentina,1996,0.258057676
Argentina,1997,0.2417442073
Argentina,1998,0.3182914715
Argentina,1999,0.3845350052
Argentina,2000,0.503525641
Argentina,2001,0.6049710188
Argentina,2002,0.5648884959
Argentina,2003,0.3777570674
Argentina,2004,0.3452078032
Argentina,2005,0.3679547559
Argentina,2006,0.3969428008
Argentina,2007,0.3812727782
Argentina,2008,0.3557797165
Argentina,2009,0.4073754789
Argentina,2010,0.3450191571
Argentina,2011,0.3684803002
Argentina,2012,0.4386505934
Argentina,2013,0.3900186659
Argentina,2014,0.3435168381
Argentina,2015,0.3294010889
Argentina,2016,0.2027458493
Australia,1985,0.3041556145
Australia,1986,0.2582768445
Australia,1987,0.2498440702
Australia,1988,0.2561089825
Australia,1989,0.2796211251
Australia,1990,0.3049051606
Australia,1991,0.2746157042
Australia,1992,0.2938043671
Australia,1993,0.2460717207
Australia,1994,0.2343724696
Australia,1995,0.2663219134
Australia,1996,0.248346056
Australia,1997,0.2333550206
Australia,1998,0.2282776236
Australia,1999,0.2755751346
Australia,2000,0.2915815748
Australia,2001,0.3693634532
Australia,2002,0.3782912804
Australia,2003,0.3770839805
Australia,2004,0.3270298404
Australia,2005,0.3145833333
Australia,2006,0.2988256841
Australia,2007,0.2545234084
Australia,2008,0.3139335116
Australia,2009,0.3693752353
Australia,2010,0.3407732995
Australia,2011,0.3241833182
Australia,2012,0.3760341052
Australia,2013,0.3648372382
Australia,2014,0.3588670598
Australia,2015,0.3386469782
Australia,2016,0.2889253786
Austria,1985,0.314559387
Austria,1986,0.3545534925
Austria,1987,0.3427991886
Austria,1988,0.4139755519
Austria,1989,0.3030448718
Austria,1990,0.2049098907
Austria,1991,0.2284918147
Austria,1992,0.3804415102
Austria,1993,0.3737968414
Austria,1994,0.3780487805
Austria,1995,0.3742735043
Austria,1996,0.4119505133
Austria,1997,0.4478990013
Austria,1998,0.4692616911
Austria,1999,0.5206183687
Austria,2000,0.4538683935
Austria,2001,0.4239227418
Austria,2002,0.4286575889
Austria,2003,0.4429429429
Austria,2004,0.3537767035
Austria,2005,0.2356043956
Austria,2006,0.2117435897
Austria,2007,0.1531165312
Austria,2008,0.1878617566
Austria,2009,0.2268715829
Austria,2010,0.2001915709
Austria,2011,0.17861844
Austria,2012,0.2114041019
Austria,2013,0.1997270859
Austria,2014,0.1588721264
Austria,2015,0.1332679362
Austria,2016,0.0717399921
Bahrain,2004,0.8735005453
Bahrain,2005,0.7636752137
Bahrain,2006,0.8451282051
Bahrain,2007,0.8380587484
Bahrain,2008,0.7916030534
Bahrain,2009,0.8790708812
Bahrain,2010,0.9042145594
Bahrain,2011,0.928959276
Bahrain,2012,0.9321613703
Bahrain,2013,0.911637931
Bahrain,2014,0.8867337165
Bahrain,2015,0.9118773946
Bahrain,2016,0.9087643678
Bangladesh,2005,0.2375
Bangladesh,2006,0.2596153846
Bangladesh,2007,0.1309648206
Bangladesh,2008,0.1158669575
Bangladesh,2009,0.0893997446
Bangladesh,2010,0.1033355871
Bangladesh,2011,0.1338675214
Bangladesh,2012,0.150030248
Bangladesh,2013,0.1634099617
Bangladesh,2014,0.1562470797
Bangladesh,2015,0.1440613027
Bangladesh,2016,0.1800766284
Belgium,1985,0.2960834398
Belgium,1986,0.2994252874
Belgium,1987,0.3180928054
Belgium,1988,0.3194444444
Belgium,1989,0.3218934911
Belgium,1990,0.3113897597
Belgium,1991,0.3288861522
Belgium,1992,0.3514920194
Belgium,1993,0.3390804598
Belgium,1994,0.379995779
Belgium,1995,0.3381181319
Belgium,1996,0.313445772
Belgium,1997,0.322737069
Belgium,1998,0.3132842999
Belgium,1999,0.3290278551
Belgium,2000,0.2787816513
Belgium,2001,0.3575890006
Belgium,2002,0.3745955601
Belgium,2003,0.335631795
Belgium,2004,0.2850542387
Belgium,2005,0.2542067308
Belgium,2006,0.2591605873
Belgium,2007,0.2607435021
Belgium,2008,0.2616367133
Belgium,2009,0.2772283109
Belgium,2010,0.3147355763
Belgium,2011,0.3071087745
Belgium,2012,0.1377128709
Belgium,2013,0.1113766549
Belgium,2014,0.1093999926
Belgium,2015,0.1037830599
Belgium,2016,0.1253859628
Botswana,2010,0.7907088123
Botswana,2011,0.7990384615
Botswana,2012,0.8735632184
Botswana,2013,0.8084291188
Botswana,2014,0.7833120477
Botswana,2015,0.783045977
Botswana,2016,0.7266922095
Brazil,1992,0.7550890585
Brazil,1993,0.8016177097
Brazil,1994,0.5563701923
Brazil,1995,0.6713584288
Brazil,1996,0.6744202794
Brazil,1997,0.6583880679
Brazil,1998,0.6964030423
Brazil,1999,0.7146567959
Brazil,2000,0.7099483098
Brazil,2001,0.7276790897
Brazil,2002,0.7228802901
Brazil,2003,0.6919834954
Brazil,2004,0.6498676144
Brazil,2005,0.5976190476
Brazil,2006,0.5139309509
Brazil,2007,0.4161487158
Brazil,2008,0.3805539244
Brazil,2009,0.3960634062
Brazil,2010,0.3413110469
Brazil,2011,0.2963027295
Brazil,2012,0.2596276648
Brazil,2013,0.2331193711
Brazil,2014,0.243329617
Brazil,2015,0.2780533249
Brazil,2016,0.2655362708
Bulgaria,2005,0.1653846154
Bulgaria,2006,0.2466346154
Bulgaria,2007,0.4021791188
Bulgaria,2008,0.4819602477
Bulgaria,2009,0.6367296578
Bulgaria,2010,0.6969472253
Bulgaria,2011,0.7293374509
Bulgaria,2012,0.7709898332
Bulgaria,2013,0.7513904338
Bulgaria,2014,0.724137931
Bulgaria,2015,0.7691240587
Bulgaria,2016,0.7607137789
Canada,1985,0.3464750958
Canada,1986,0.318112156
Canada,1987,0.2975636864
Canada,1988,0.3810594703
Canada,1989,0.3316239316
Canada,1990,0.3408295852
Canada,1991,0.3500646127
Canada,1992,0.3373868276
Canada,1993,0.3107729189
Canada,1994,0.2917879418
Canada,1995,0.301811053
Canada,1996,0.2399609444
Canada,1997,0.1929701816
Canada,1998,0.1942423796
Canada,1999,0.2070881226
Canada,2000,0.183122016
Canada,2001,0.2382999858
Canada,2002,0.2431047711
Canada,2003,0.2391701777
Canada,2004,0.1967359175
Canada,2005,0.2241773009
Canada,2006,0.2047925178
Canada,2007,0.1873389478
Canada,2008,0.2164872204
Canada,2009,0.2810535217
Canada,2010,0.2473640116
Canada,2011,0.2254410783
Canada,2012,0.2690268664
Canada,2013,0.2982101856
Canada,2014,0.2739122668
Canada,2015,0.2724204244
Canada,2016,0.107963444
Chile,1990,0.3991060026
Chile,1991,0.3680076628
Chile,1992,0.4042620865
Chile,1993,0.3967645807
Chile,1994,0.3675480769
Chile,1995,0.3591476091
Chile,1996,0.4416030534
Chile,1997,0.4871246547
Chile,1998,0.5795657727
Chile,1999,0.6087550095
Chile,2000,0.6040671972
Chile,2001,0.6139178473
Chile,2002,0.6647683734
Chile,2003,0.6231884058
Chile,2004,0.5963131395
Chile,2005,0.5539663462
Chile,2006,0.5462339744
Chile,2007,0.4950268973
Chile,2008,0.5678381103
Chile,2009,0.5623147546
Chile,2010,0.4826889586
Chile,2011,0.4664102564
Chile,2012,0.4897346924
Chile,2013,0.4915462758
Chile,2014,0.5297644388
Chile,2015,0.5559893009
Chile,2016,0.4966201423
China,1992,0.3492366412
China,1993,0.1060025543
China,1994,0.1146634615
China,1995,0.1424116424
China,1996,0.1275899673
China,1997,0.1116002283
China,1998,0.1114116145
China,1999,0.1386020737
China,2000,0.1259550562
China,2001,0.1433970917
China,2002,0.1697052599
China,2003,0.1648728958
China,2004,0.1504828915
China,2005,0.1823353293
China,2006,0.2328380386
China,2007,0.1365517241
China,2008,0.1223074845
China,2009,0.1189998894
China,2010,0.120662482
China,2011,0.1210971739
China,2012,0.1366296109
China,2013,0.1525357894
China,2014,0.1545773477
China,2015,0.1897945506
China,2016,0.1532996169
Colombia,1993,0.56848659
Colombia,1994,0.5142307692
Colombia,1995,0.5942307692
Colombia,1996,0.6826189078
Colombia,1997,0.556923919
Colombia,1998,0.6204159825
Colombia,1999,0.5971538041
Colombia,2000,0.7328205128
Colombia,2001,0.7042624521
Colombia,2002,0.569078206
Colombia,2003,0.5481180978
Colombia,2004,0.4768871925
Colombia,2005,0.4567692308
Colombia,2006,0.4019230769
Colombia,2007,0.441976639
Colombia,2008,0.4158715013
Colombia,2009,0.4901376472
Colombia,2010,0.4912595785
Colombia,2011,0.4771634615
Colombia,2012,0.5177003512
Colombia,2013,0.4979645594
Colombia,2014,0.49264615
Colombia,2015,0.5265804598
Colombia,2016,0.4830779055
Cote d'Ivore,2007,0.9770114943
Cote d'Ivore,2008,0.9122137405
Cote d'Ivore,2009,0.7323481117
Cote d'Ivore,2010,0.7307790549
Cote d'Ivore,2011,0.7692307692
Cote d'Ivore,2012,0.7006020799
Cote d'Ivore,2013,0.630651341
Cote d'Ivore,2014,0.5683269476
Cote d'Ivore,2015,0.4014146773
Cote d'Ivore,2016,0.1685823755
Cyprus,2005,0.6749590835
Cyprus,2006,0.5249607535
Cyprus,2007,0.4732537577
Cyprus,2008,0.5224766751
Cyprus,2009,0.6133004926
Cyprus,2010,0.66688771
Cyprus,2011,0.6912774725
Cyprus,2012,0.7707199032
Cyprus,2013,0.8392875634
Cyprus,2014,0.8123587779
Cyprus,2015,0.8192175842
Cyprus,2016,0.5555555556
Czech,1995,0.4625
Czech,1996,0.2603598691
Czech,1997,0.2207128759
Czech,1998,0.2947796935
Czech,1999,0.4246267671
Czech,2000,0.6031065089
Czech,2001,0.6314872867
Czech,2002,0.6709013914
Czech,2003,0.6434653044
Czech,2004,0.6653274407
Czech,2005,0.5148351648
Czech,2006,0.5042844061
Czech,2007,0.4132036546
Czech,2008,0.3309160305
Czech,2009,0.3673903789
Czech,2010,0.3507875692
Czech,2011,0.2783653846
Czech,2012,0.3009791401
Czech,2013,0.2260536398
Czech,2014,0.091954023
Czech,2015,0.191091954
Czech,2016,0.2505747126
Denmark,1985,0.2669220945
Denmark,1986,0.2679597701
Denmark,1987,0.2952445346
Denmark,1988,0.3248190719
Denmark,1989,0.350928382
Denmark,1990,0.4371465061
Denmark,1991,0.5366887263
Denmark,1992,0.5593384224
Denmark,1993,0.5055506435
Denmark,1994,0.4623876124
Denmark,1995,0.470242915
Denmark,1996,0.5118082061
Denmark,1997,0.4527082864
Denmark,1998,0.5043677201
Denmark,1999,0.4426700584
Denmark,2000,0.3459319527
Denmark,2001,0.3750609544
Denmark,2002,0.4394204882
Denmark,2003,0.3946360153
Denmark,2004,0.3181261702
Denmark,2005,0.2549203352
Denmark,2006,0.2340860974
Denmark,2007,0.2557000188
Denmark,2008,0.269798398
Denmark,2009,0.3207763515
Denmark,2010,0.3327071424
Denmark,2011,0.3138061712
Denmark,2012,0.2304135289
Denmark,2013,0.2031006102
Denmark,2014,0.1889569234
Denmark,2015,0.148697318
Denmark,2016,0.0962171496
Ecuador,2005,0.9628205128
Ecuador,2006,0.9628205128
Ecuador,2007,0.9220945083
Ecuador,2008,0.917302799
Ecuador,2009,0.9361430396
Ecuador,2010,0.9259259259
Ecuador,2011,0.9141025641
Ecuador,2012,0.8876117497
Ecuador,2013,0.9399744572
Ecuador,2014,0.9297573436
Ecuador,2015,0.9463601533
Ecuador,2016,0.9597701149
Egypt,1997,0.4731800766
Egypt,1998,0.1730523627
Egypt,1999,0.1877394636
Egypt,2000,0.2128205128
Egypt,2001,0.2977011494
Egypt,2002,0.3496807152
Egypt,2003,0.3013409962
Egypt,2004,0.1878903539
Egypt,2005,0.2076923077
Egypt,2006,0.2082202112
Egypt,2007,0.1732497388
Egypt,2008,0.1628060016
Egypt,2009,0.108773297
Egypt,2010,0.1354207953
Egypt,2011,0.3063461538
Egypt,2012,0.2240740741
Egypt,2013,0.2845926763
Egypt,2014,0.2645562465
Egypt,2015,0.3217752235
Egypt,2016,0.3031609195
Estonia,2003,0.6551724138
Estonia,2004,0.4389312977
Estonia,2005,0.4164835165
Estonia,2006,0.35
Estonia,2007,0.2876510463
Estonia,2008,0.3453075887
Estonia,2009,0.4656299301
Estonia,2010,0.3903538427
Estonia,2011,0.3886039886
Estonia,2012,0.3522167488
Estonia,2013,0.3237547893
Estonia,2014,0.3572060124
Estonia,2015,0.35030104
Estonia,2016,0.3888888889
Finland,1988,0.3486590038
Finland,1989,0.3258241758
Finland,1990,0.4180076628
Finland,1991,0.4916405434
Finland,1992,0.4309658148
Finland,1993,0.2945402299
Finland,1994,0.2682692308
Finland,1995,0.3125246548
Finland,1996,0.3275657337
Finland,1997,0.3143852316
Finland,1998,0.4263769436
Finland,1999,0.3572540456
Finland,2000,0.2948880234
Finland,2001,0.3448275862
Finland,2002,0.38740517
Finland,2003,0.4396708749
Finland,2004,0.3480001832
Finland,2005,0.3106061788
Finland,2006,0.2788834047
Finland,2007,0.2379770115
Finland,2008,0.2458552004
Finland,2009,0.297417449
Finland,2010,0.296202389
Finland,2011,0.3171737467
Finland,2012,0.1521278051
Finland,2013,0.1643022333
Finland,2014,0.1423420345
Finland,2015,0.1223341132
Finland,2016,0.1185649599
France,1985,0.1518634622
France,1986,0.1303533418
France,1987,0.1444586349
France,1988,0.1640093932
France,1989,0.1546538462
France,1990,0.1983311229
France,1991,0.2465287356
France,1992,0.276732584
France,1993,0.26755084
France,1994,0.2467512855
France,1995,0.237239011
France,1996,0.2520867518
France,1997,0.2499529196
France,1998,0.2962020683
France,1999,0.2823312293
France,2000,0.250976801
France,2001,0.2977216883
France,2002,0.3802630958
France,2003,0.3631940071
France,2004,0.2903473982
France,2005,0.2610726418
France,2006,0.2653172812
France,2007,0.2592233408
France,2008,0.2871585681
France,2009,0.2987106877
France,2010,0.3169045836
France,2011,0.3122757145
France,2012,0.1836419332
France,2013,0.1879725536
France,2014,0.1702334439
France,2015,0.154754441
France,2016,0.1361333551
Germany,1985,0.167816092
Germany,1986,0.1594170235
Germany,1987,0.1608614884
Germany,1988,0.2112191767
Germany,1989,0.2243141474
Germany,1990,0.27775524
Germany,1991,0.343935616
Germany,1992,0.3894727499
Germany,1993,0.3879896786
Germany,1994,0.3905230769
Germany,1995,0.412098438
Germany,1996,0.410597073
Germany,1997,0.3704288303
Germany,1998,0.3685232068
Germany,1999,0.3498809645
Germany,2000,0.2884000877
Germany,2001,0.3466293731
Germany,2002,0.4011418752
Germany,2003,0.4143760347
Germany,2004,0.3452646435
Germany,2005,0.2822721899
Germany,2006,0.2454270874
Germany,2007,0.2471433607
Germany,2008,0.2674273217
Germany,2009,0.3172884602
Germany,2010,0.2598662328
Germany,2011,0.228978106
Germany,2012,0.2002137412
Germany,2013,0.1966672963
Germany,2014,0.1813002834
Germany,2015,0.1555039079
Germany,2016,0.1835791689
Ghana,2001,0.9961685824
Ghana,2002,0.9808429119
Ghana,2003,0.9846743295
Ghana,2005,0.9679487179
Ghana,2006,0.9842307692
Ghana,2007,0.9467084639
Ghana,2008,0.8580152672
Ghana,2009,0.8844189017
Ghana,2010,0.7688378033
Ghana,2011,0.7375739645
Ghana,2012,0.811965812
Ghana,2013,0.7206012378
Ghana,2014,0.7097701149
Ghana,2015,0.7506095437
Ghana,2016,0.8250319285
Greece,1989,0.4038461538
Greece,1990,0.4590403211
Greece,1991,0.4779693487
Greece,1992,0.4663273961
Greece,1993,0.3150363594
Greece,1994,0.2792022792
Greece,1995,0.2899267399
Greece,1996,0.3541282794
Greece,1997,0.2380047743
Greece,1998,0.1651355632
Greece,1999,0.2491067058
Greece,2000,0.266113432
Greece,2001,0.2984060456
Greece,2002,0.3183395142
Greece,2003,0.4130058114
Greece,2004,0.336939673
Greece,2005,0.3090126292
Greece,2006,0.2994554656
Greece,2007,0.2939750268
Greece,2008,0.3103053435
Greece,2009,0.3127157543
Greece,2010,0.3582007818
Greece,2011,0.3975740107
Greece,2012,0.3828623629
Greece,2013,0.3203202149
Greece,2014,0.3077655072
Greece,2015,0.4288260962
Greece,2016,0.2809330629
Hong Kong,1985,0.2353374595
Hong Kong,1986,0.3103448276
Hong Kong,1987,0.2391044061
Hong Kong,1988,0.2916384945
Hong Kong,1989,0.2640468227
Hong Kong,1990,0.3002298851
Hong Kong,1991,0.3461871215
Hong Kong,1992,0.3017330307
Hong Kong,1993,0.2856147684
Hong Kong,1994,0.2603550296
Hong Kong,1995,0.2934950955
Hong Kong,1996,0.2861804374
Hong Kong,1997,0.2510028241
Hong Kong,1998,0.2834567901
Hong Kong,1999,0.2899544505
Hong Kong,2000,0.254840211
Hong Kong,2001,0.353590935
Hong Kong,2002,0.3659929295
Hong Kong,2003,0.371588694
Hong Kong,2004,0.3603790221
Hong Kong,2005,0.3649302836
Hong Kong,2006,0.3115384615
Hong Kong,2007,0.2307788107
Hong Kong,2008,0.2709280553
Hong Kong,2009,0.2090989177
Hong Kong,2010,0.195471909
Hong Kong,2011,0.1987707515
Hong Kong,2012,0.2536482542
Hong Kong,2013,0.2400713037
Hong Kong,2014,0.2266403694
Hong Kong,2015,0.2007477444
Hong Kong,2016,0.2149859315
Hungary,1992,0.5852417303
Hungary,1993,0.4923371648
Hungary,1994,0.3146153846
Hungary,1995,0.4495192308
Hungary,1996,0.2524173028
Hungary,1997,0.2580376478
Hungary,1998,0.2327231446
Hungary,1999,0.256585249
Hungary,2000,0.220997921
Hungary,2001,0.3663209046
Hungary,2002,0.3547499754
Hungary,2003,0.3710727969
Hungary,2004,0.3445610687
Hungary,2005,0.3060897436
Hungary,2006,0.3093555094
Hungary,2007,0.2770327799
Hungary,2008,0.3119168787
Hungary,2009,0.3394837669
Hungary,2010,0.3440799925
Hungary,2011,0.3773855311
Hungary,2012,0.3991354104
Hungary,2013,0.4024052788
Hungary,2014,0.4183006536
Hungary,2015,0.3823490554
Hungary,2016,0.283844189
Iceland,2002,0.2969348659
Iceland,2003,0.3095785441
Iceland,2004,0.220610687
Iceland,2005,0.2447115385
Iceland,2006,0.1888888889
Iceland,2007,0.2138496326
Iceland,2008,0.2290076336
Iceland,2009,0.5450191571
Iceland,2010,0.591954023
Iceland,2011,0.4653846154
Iceland,2012,0.4454022989
Iceland,2013,0.3486590038
Iceland,2014,0.2654625068
Iceland,2015,0.2249589491
Iceland,2016,0.2298850575
India,1991,0.4395680947
India,1992,0.507387343
India,1993,0.4076337359
India,1994,0.3859550562
India,1995,0.2775193798
India,1996,0.155216285
India,1997,0.1379058278
India,1998,0.1083778705
India,1999,0.0788613873
India,2000,0.0775070479
India,2001,0.1054077223
India,2002,0.0921755562
India,2003,0.0823016067
India,2004,0.0783413767
India,2005,0.0684764131
India,2006,0.0922857531
India,2007,0.0859074401
India,2008,0.0868592789
India,2009,0.1126743627
India,2010,0.0644742988
India,2011,0.1076941802
India,2012,0.1387085685
India,2013,0.1618198348
India,2014,0.1572231764
India,2015,0.1474936306
India,2016,0.0568326948
Indonesia,1991,0.5865776789
Indonesia,1992,0.6588740458
Indonesia,1993,0.6653639847
Indonesia,1994,0.6720512821
Indonesia,1995,0.6316636852
Indonesia,1996,0.605623929
Indonesia,1997,0.5870991155
Indonesia,1998,0.5411764706
Indonesia,1999,0.524802903
Indonesia,2000,0.5361778846
Indonesia,2001,0.5931985346
Indonesia,2002,0.6272796935
Indonesia,2003,0.6302442529
Indonesia,2004,0.6053724998
Indonesia,2005,0.5482560917
Indonesia,2006,0.5556754221
Indonesia,2007,0.4644453567
Indonesia,2008,0.4844982728
Indonesia,2009,0.5248662045
Indonesia,2010,0.4370566853
Indonesia,2011,0.4004736643
Indonesia,2012,0.4188777885
Indonesia,2013,0.3989634647
Indonesia,2014,0.3656336389
Indonesia,2015,0.383079463
Indonesia,2016,0.3486312399
Ireland,1985,0.7003831418
Ireland,1986,0.6406130268
Ireland,1987,0.5357598978
Ireland,1988,0.5481180978
Ireland,1989,0.55
Ireland,1990,0.6360153257
Ireland,1991,0.6741875976
Ireland,1992,0.6885778909
Ireland,1993,0.6162906201
Ireland,1994,0.6289173789
Ireland,1995,0.6210826211
Ireland,1996,0.6139949109
Ireland,1997,0.5190910292
Ireland,1998,0.4461206897
Ireland,1999,0.4651791751
Ireland,2000,0.2996055227
Ireland,2001,0.2996715928
Ireland,2002,0.3188899434
Ireland,2003,0.3271202237
Ireland,2004,0.2422603902
Ireland,2005,0.2035502959
Ireland,2006,0.1865853659
Ireland,2007,0.169598874
Ireland,2008,0.1470683775
Ireland,2009,0.1745470152
Ireland,2010,0.1480887463
Ireland,2011,0.2179868195
Ireland,2012,0.2833125196
Ireland,2013,0.2806759014
Ireland,2014,0.2375478927
Ireland,2015,0.1954022989
Ireland,2016,0.1760627623
Israel,1992,0.6952926209
Israel,1993,0.2811302682
Israel,1994,0.1579881657
Israel,1995,0.1710059172
Israel,1996,0.197519084
Israel,1997,0.1611211938
Israel,1998,0.1228307415
Israel,1999,0.1316872428
Israel,2000,0.1129273504
Israel,2001,0.1559667321
Israel,2002,0.1206505591
Israel,2003,0.1382561113
Israel,2004,0.1126835856
Israel,2005,0.211728656
Israel,2006,0.1920248869
Israel,2007,0.141466388
Israel,2008,0.205095583
Israel,2009,0.2075624348
Israel,2010,0.1556644938
Israel,2011,0.196299794
Israel,2012,0.2301429105
Israel,2013,0.1993152396
Israel,2014,0.1801951258
Israel,2015,0.1794292128
Israel,2016,0.1016980973
Italy,1985,0.2188165177
Italy,1986,0.122605364
Italy,1987,0.1727666868
Italy,1988,0.2191570881
Italy,1989,0.1877272727
Italy,1990,0.2237547893
Italy,1991,0.2722938785
Italy,1992,0.314827666
Italy,1993,0.2905890805
Italy,1994,0.3091692308
Italy,1995,0.3560897436
Italy,1996,0.3951068153
Italy,1997,0.3680739595
Italy,1998,0.3632123081
Italy,1999,0.3849621424
Italy,2000,0.29505498
Italy,2001,0.3049324852
Italy,2002,0.3762178539
Italy,2003,0.4222420417
Italy,2004,0.3748860659
Italy,2005,0.309270217
Italy,2006,0.2910587189
Italy,2007,0.2691746207
Italy,2008,0.2918077954
Italy,2009,0.3375072949
Italy,2010,0.3366522683
Italy,2011,0.3413337704
Italy,2012,0.2236503555
Italy,2013,0.2166124504
Italy,2014,0.2027242053
Italy,2015,0.1834334748
Italy,2016,0.1642644814
Jamaica,2005,0.3384615385
Jamaica,2006,0.4346153846
Jamaica,2007,0.4214559387
Jamaica,2008,0.4923664122
Jamaica,2009,0.7279693487
Jamaica,2010,0.6743295019
Jamaica,2011,0.6461538462
Jamaica,2012,0.6436781609
Jamaica,2013,0.7126436782
Jamaica,2016,0.2720306513
Japan,1985,0.2179344308
Japan,1986,0.1890134802
Japan,1987,0.1659940812
Japan,1988,0.2139586986
Japan,1989,0.2203480498
Japan,1990,0.1918684164
Japan,1991,0.241742598
Japan,1992,0.24487937
Japan,1993,0.2324759751
Japan,1994,0.2315149909
Japan,1995,0.2044232497
Japan,1996,0.2150898964
Japan,1997,0.2023185902
Japan,1998,0.2533388068
Japan,1999,0.2166116899
Japan,2000,0.1835369808
Japan,2001,0.1920933078
Japan,2002,0.1926386775
Japan,2003,0.1859782076
Japan,2004,0.1706124364
Japan,2005,0.174393896
Japan,2006,0.1439793584
Japan,2007,0.1624372583
Japan,2008,0.1651132006
Japan,2009,0.1698789895
Japan,2010,0.1602728057
Japan,2011,0.1488705153
Japan,2012,0.1478688405
Japan,2013,0.1270027702
Japan,2014,0.1280744055
Japan,2015,0.1210093087
Japan,2016,0.1025078514
Jordan,2002,0.2298850575
Jordan,2003,0.3026819923
Jordan,2004,0.9618320611
Jordan,2005,0.3423076923
Jordan,2006,0.3232126697
Jordan,2007,0.3994252874
Jordan,2008,0.3431547407
Jordan,2009,0.4239546893
Jordan,2010,0.4732125463
Jordan,2011,0.5570954907
Jordan,2012,0.5895813561
Jordan,2013,0.5933730666
Jordan,2014,0.5653469562
Jordan,2015,0.5837851514
Jordan,2016,0.5982367239
Kazakhstan,2010,0.7601106854
Kazakhstan,2011,0.8
Kazakhstan,2012,0.7676357899
Kazakhstan,2013,0.7262931034
Kazakhstan,2014,0.7408158666
Kazakhstan,2015,0.754789272
Kazakhstan,2016,0.4865900383
Kenya,2000,0.8653846154
Kenya,2001,0.9157088123
Kenya,2002,0.8965517241
Kenya,2003,0.5708812261
Kenya,2004,0.3231552163
Kenya,2005,0.4260180995
Kenya,2006,0.3510121457
Kenya,2007,0.2512603347
Kenya,2008,0.2958845005
Kenya,2009,0.3382822478
Kenya,2010,0.3205064135
Kenya,2011,0.2633012821
Kenya,2012,0.3558429119
Kenya,2013,0.2937931034
Kenya,2014,0.2723371648
Kenya,2015,0.2720306513
Kenya,2016,0.3614303959
Korea,1985,0.2971090212
Korea,1986,0.1542145594
Korea,1987,0.1187739464
Korea,1988,0.1896551724
Korea,1989,0.2144844517
Korea,1990,0.217164751
Korea,1991,0.2331691297
Korea,1992,0.1688410826
Korea,1993,0.1848120883
Korea,1994,0.1706458636
Korea,1995,0.2226244344
Korea,1996,0.1836270768
Korea,1997,0.162014231
Korea,1998,0.1307662835
Korea,1999,0.1173566822
Korea,2000,0.1298910627
Korea,2001,0.1320154941
Korea,2002,0.136000776
Korea,2003,0.1357338708
Korea,2004,0.1384878387
Korea,2005,0.1198757036
Korea,2006,0.1252021416
Korea,2007,0.1260271984
Korea,2008,0.1200563888
Korea,2009,0.1029575524
Korea,2010,0.1149145962
Korea,2011,0.1073044986
Korea,2012,0.1203853233
Korea,2013,0.1299903106
Korea,2014,0.1336449093
Korea,2015,0.1092299196
Korea,2016,0.1205434766
Kuwait,2004,0.6269498838
Kuwait,2005,0.499010989
Kuwait,2006,0.5121428571
Kuwait,2007,0.5411877395
Kuwait,2008,0.5091082582
Kuwait,2009,0.6492779251
Kuwait,2010,0.7251790771
Kuwait,2011,0.7946714744
Kuwait,2012,0.7819318411
Kuwait,2013,0.7628189451
Kuwait,2014,0.7785690488
Kuwait,2015,0.8052362708
Kuwait,2016,0.7761357417
Latvia,2005,0.338034188
Latvia,2006,0.3407692308
Latvia,2007,0.2781609195
Latvia,2008,0.3740458015
Latvia,2009,0.3927203065
Latvia,2010,0.4091102597
Latvia,2011,0.4061538462
Latvia,2012,0.4921775223
Latvia,2013,0.4670997834
Latvia,2014,0.4875022806
Latvia,2015,0.5012771392
Latvia,2016,0.5299329502
Lebanon,2005,0.5407692308
Lebanon,2006,0.3946153846
Lebanon,2007,0.5034482759
Lebanon,2008,0.5356234097
Lebanon,2009,0.5070242656
Lebanon,2010,0.5191570881
Lebanon,2011,0.5121794872
Lebanon,2012,0.537037037
Lebanon,2013,0.5485312899
Lebanon,2014,0.5453384419
Lebanon,2015,0.5332056194
Lebanon,2016,0.7803320562
Lithuania,2002,0.5632183908
Lithuania,2003,0.5938697318
Lithuania,2004,0.4675572519
Lithuania,2005,0.4365384615
Lithuania,2006,0.451025641
Lithuania,2007,0.3680555556
Lithuania,2008,0.4029103053
Lithuania,2009,0.4887833554
Lithuania,2010,0.5155993432
Lithuania,2011,0.4823076923
Lithuania,2012,0.5960408685
Lithuania,2013,0.5936054961
Lithuania,2014,0.5447454844
Lithuania,2015,0.5779054917
Lithuania,2016,0.5269476373
Luxembourg,1987,0.1455938697
Luxembourg,1989,0.6038461538
Luxembourg,1990,0.3320561941
Luxembourg,1991,0.438697318
Luxembourg,1992,0.5553435115
Luxembourg,1993,0.4179728318
Luxembourg,1994,0.4251748252
Luxembourg,1995,0.4073426573
Luxembourg,1996,0.4299345692
Luxembourg,1997,0.4985951469
Luxembourg,1998,0.5187739464
Luxembourg,1999,0.4466982195
Luxembourg,2000,0.4653707455
Luxembourg,2001,0.432748538
Luxembourg,2002,0.4682843763
Luxembourg,2003,0.4793863527
Luxembourg,2004,0.4401487758
Luxembourg,2005,0.4111336032
Luxembourg,2006,0.3585470085
Luxembourg,2007,0.3134796238
Luxembourg,2008,0.2702984039
Luxembourg,2009,0.2905491699
Luxembourg,2010,0.2873563218
Luxembourg,2011,0.3193919414
Luxembourg,2012,0.1743295019
Luxembourg,2013,0.2202152892
Luxembourg,2014,0.1455938697
Luxembourg,2015,0.1453544061
Luxembourg,2016,0.1076628352
Macedonia,2010,0.6355363985
Macedonia,2011,0.5623076923
Macedonia,2012,0.6477832512
Macedonia,2013,0.6681402888
Macedonia,2014,0.6452745849
Macedonia,2015,0.7611749681
Macedonia,2016,0.6740347775
Malaysia,1985,0.4358237548
Malaysia,1986,0.3084291188
Malaysia,1987,0.2650519978
Malaysia,1988,0.338362069
Malaysia,1989,0.3150549451
Malaysia,1990,0.3125478927
Malaysia,1991,0.315957045
Malaysia,1992,0.3491536674
Malaysia,1993,0.2402261652
Malaysia,1994,0.2055288462
Malaysia,1995,0.2785783836
Malaysia,1996,0.2858588841
Malaysia,1997,0.2573623319
Malaysia,1998,0.2717068696
Malaysia,1999,0.270725627
Malaysia,2000,0.3012457668
Malaysia,2001,0.3929050167
Malaysia,2002,0.4005047741
Malaysia,2003,0.3826340996
Malaysia,2004,0.3707514922
Malaysia,2005,0.416734143
Malaysia,2006,0.3849050531
Malaysia,2007,0.2814115749
Malaysia,2008,0.3858067574
Malaysia,2009,0.3808559273
Malaysia,2010,0.3318526326
Malaysia,2011,0.3276752137
Malaysia,2012,0.3692475164
Malaysia,2013,0.3227472043
Malaysia,2014,0.3035935214
Malaysia,2015,0.3231569485
Malaysia,2016,0.3323716628
Malta,2005,0.5724358974
Malta,2006,0.5147435897
Malta,2007,0.6411238825
Malta,2008,0.6800254453
Malta,2009,0.7164750958
Malta,2010,0.6781609195
Malta,2011,0.7024038462
Malta,2012,0.7556406982
Malta,2013,0.7279693487
Malta,2014,0.7134951043
Malta,2015,0.6111111111
Malta,2016,0.6513409962
Mauritius,2009,0.6121753938
Mauritius,2010,0.6209025117
Mauritius,2011,0.6465587045
Mauritius,2012,0.7293216137
Mauritius,2013,0.6555981269
Mauritius,2014,0.6389953172
Mauritius,2015,0.6602137528
Mauritius,2016,0.8020434227
Mexico,1989,0.6721893491
Mexico,1990,0.4622331691
Mexico,1991,0.470545977
Mexico,1992,0.3889312977
Mexico,1993,0.3538739889
Mexico,1994,0.389608637
Mexico,1995,0.4270351818
Mexico,1996,0.3837136447
Mexico,1997,0.3434052574
Mexico,1998,0.4166210546
Mexico,1999,0.4718741443
Mexico,2000,0.5042759495
Mexico,2001,0.5478655586
Mexico,2002,0.5106032255
Mexico,2003,0.5249492901
Mexico,2004,0.4784933447
Mexico,2005,0.4292004049
Mexico,2006,0.4105894106
Mexico,2007,0.3515857812
Mexico,2008,0.3348176421
Mexico,2009,0.3857823341
Mexico,2010,0.3284522123
Mexico,2011,0.3350890037
Mexico,2012,0.301278938
Mexico,2013,0.2521285653
Mexico,2014,0.2498294232
Mexico,2015,0.2518007663
Mexico,2016,0.2542906629
Montenegro,2012,0.8146183319
Montenegro,2013,0.8252284114
Montenegro,2014,0.8202180961
Montenegro,2015,0.8665389527
Montenegro,2016,0.7675606641
Morocco,1997,0.4396551724
Morocco,1998,0.3609195402
Morocco,1999,0.282247765
Morocco,2000,0.3102564103
Morocco,2001,0.3162661094
Morocco,2002,0.3991060026
Morocco,2003,0.4846743295
Morocco,2004,0.4098649442
Morocco,2005,0.4113782051
Morocco,2006,0.3155270655
Morocco,2007,0.335967433
Morocco,2008,0.3383536208
Morocco,2009,0.3877591119
Morocco,2010,0.3795119984
Morocco,2011,0.383234714
Morocco,2012,0.4214559387
Morocco,2013,0.4996561548
Morocco,2014,0.4819520065
Morocco,2015,0.4678622436
Morocco,2016,0.400862069
Namibia,2005,0.8423076923
Namibia,2006,0.8871794872
Namibia,2007,0.9195402299
Namibia,2008,0.8683206107
Namibia,2009,0.9003831418
Namibia,2010,0.8505747126
Namibia,2011,0.9051282051
Namibia,2012,0.8212005109
Namibia,2013,0.8582375479
Namibia,2014,0.7969348659
Namibia,2015,0.7535121328
Netherlands,1985,0.1544061303
Netherlands,1986,0.148877942
Netherlands,1987,0.1622879037
Netherlands,1988,0.2009195402
Netherlands,1989,0.1718169761
Netherlands,1990,0.2099598159
Netherlands,1991,0.2492386285
Netherlands,1992,0.2838740458
Netherlands,1993,0.2301158658
Netherlands,1994,0.2231227106
Netherlands,1995,0.2157342657
Netherlands,1996,0.1851735264
Netherlands,1997,0.2295597484
Netherlands,1998,0.2857422706
Netherlands,1999,0.2525422957
Netherlands,2000,0.2613735599
Netherlands,2001,0.2895722107
Netherlands,2002,0.2898582189
Netherlands,2003,0.3177557698
Netherlands,2004,0.2744018099
Netherlands,2005,0.3021457213
Netherlands,2006,0.3679080192
Netherlands,2007,0.3490852184
Netherlands,2008,0.2411888051
Netherlands,2009,0.2601656161
Netherlands,2010,0.2921216475
Netherlands,2011,0.284012649
Netherlands,2012,0.2273873745
Netherlands,2013,0.2163972214
Netherlands,2014,0.197891446
Netherlands,2015,0.1614192904
Netherlands,2016,0.1548769434
New Zealand,1987,0.1666666667
New Zealand,1988,0.2308429119
New Zealand,1989,0.3342307692
New Zealand,1990,0.3615464995
New Zealand,1991,0.3203065134
New Zealand,1992,0.2904233171
New Zealand,1993,0.2994891443
New Zealand,1994,0.2874493927
New Zealand,1995,0.4129370629
New Zealand,1996,0.3883969466
New Zealand,1997,0.3688378033
New Zealand,1998,0.3362707535
New Zealand,1999,0.351996045
New Zealand,2000,0.3252136752
New Zealand,2001,0.3687323005
New Zealand,2002,0.368266847
New Zealand,2003,0.3508045977
New Zealand,2004,0.353126835
New Zealand,2005,0.3330769231
New Zealand,2006,0.3730104955
New Zealand,2007,0.3377729125
New Zealand,2008,0.3374284351
New Zealand,2009,0.3592880979
New Zealand,2010,0.3694763729
New Zealand,2011,0.3836538462
New Zealand,2012,0.354670366
New Zealand,2013,0.313449597
New Zealand,2014,0.3029374202
New Zealand,2015,0.2831657088
New Zealand,2016,0.3256704981
Nigeria,2003,0.2873563218
Nigeria,2004,0.1259541985
Nigeria,2005,0.2379807692
Nigeria,2006,0.1755244755
Nigeria,2007,0.2396109637
Nigeria,2008,0.2965355255
Nigeria,2009,0.3758272379
Nigeria,2010,0.3317201049
Nigeria,2011,0.3924038462
Nigeria,2012,0.4859890316
Nigeria,2013,0.4166492511
Nigeria,2014,0.4150470219
Nigeria,2015,0.4545454545
Nigeria,2016,0.3982545764
Norway,1985,0.2304745063
Norway,1986,0.2498631637
Norway,1987,0.3393894451
Norway,1988,0.4145819247
Norway,1989,0.3277149321
Norway,1990,0.3580901857
Norway,1991,0.4026471613
Norway,1992,0.4484732824
Norway,1993,0.3639064821
Norway,1994,0.4007256894
Norway,1995,0.3802884615
Norway,1996,0.3473878817
Norway,1997,0.3503730591
Norway,1998,0.4015951208
Norway,1999,0.4218626022
Norway,2000,0.339010989
Norway,2001,0.3626553833
Norway,2002,0.4215586191
Norway,2003,0.4050720671
Norway,2004,0.3484187568
Norway,2005,0.2551638177
Norway,2006,0.242799306
Norway,2007,0.2620398661
Norway,2008,0.2928152691
Norway,2009,0.3365020373
Norway,2010,0.2853347196
Norway,2011,0.2895420369
Norway,2012,0.2557092452
Norway,2013,0.2284877169
Norway,2014,0.2043040356
Norway,2015,0.1917069079
Norway,2016,0.2319934707
Oman,2005,0.8961538462
Oman,2006,0.7513416816
Oman,2007,0.7602627258
Oman,2008,0.6176509977
Oman,2009,0.7261196988
Oman,2010,0.7725095785
Oman,2011,0.7863636364
Oman,2012,0.8299124247
Oman,2013,0.7946360153
Oman,2014,0.7864855451
Oman,2015,0.8539881574
Oman,2016,0.8629656803
Pakistan,1991,0.9961685824
Pakistan,1992,0.8791348601
Pakistan,1993,0.4425287356
Pakistan,1994,0.5323426573
Pakistan,1995,0.5670568562
Pakistan,1996,0.5117684478
Pakistan,1997,0.4577963543
Pakistan,1998,0.3875053214
Pakistan,1999,0.4143678161
Pakistan,2000,0.2855769231
Pakistan,2001,0.3938863901
Pakistan,2002,0.2903548226
Pakistan,2003,0.2100095785
Pakistan,2004,0.1999045802
Pakistan,2005,0.2062051282
Pakistan,2006,0.1875810936
Pakistan,2007,0.1782945736
Pakistan,2008,0.3945336492
Pakistan,2009,0.159216688
Pakistan,2010,0.1145635973
Pakistan,2011,0.1905100334
Pakistan,2012,0.1884398303
Pakistan,2013,0.1973961999
Pakistan,2014,0.1464539839
Pakistan,2015,0.1601455165
Pakistan,2016,0.1370602577
Peru,1992,0.9045801527
Peru,1993,0.5759897829
Peru,1994,0.4357466063
Peru,1995,0.4161538462
Peru,1996,0.5079291325
Peru,1997,0.4932595431
Peru,1998,0.5967123965
Peru,1999,0.719871125
Peru,2000,0.7977207977
Peru,2001,0.8656269118
Peru,2002,0.8631751745
Peru,2003,0.8029767168
Peru,2004,0.745910578
Peru,2005,0.7851029252
Peru,2006,0.6978098291
Peru,2007,0.6187739464
Peru,2008,0.6796779882
Peru,2009,0.7287356322
Peru,2010,0.7024431507
Peru,2011,0.6891608392
Peru,2012,0.7627075351
Peru,2013,0.7748538012
Peru,2014,0.7909288599
Peru,2015,0.8237547893
Peru,2016,0.7926036982
Philippines,1988,0.3544061303
Philippines,1989,0.3865384615
Philippines,1990,0.4578544061
Philippines,1991,0.6249243799
Philippines,1992,0.661095025
Philippines,1993,0.5632183908
Philippines,1994,0.4515592516
Philippines,1995,0.4551538462
Philippines,1996,0.4238581964
Philippines,1997,0.3730621869
Philippines,1998,0.4432572446
Philippines,1999,0.4722657611
Philippines,2000,0.6039473684
Philippines,2001,0.6831937139
Philippines,2002,0.7254591095
Philippines,2003,0.7496377861
Philippines,2004,0.7072936045
Philippines,2005,0.6219230769
Philippines,2006,0.5746794872
Philippines,2007,0.4824370328
Philippines,2008,0.5400763359
Philippines,2009,0.5687392524
Philippines,2010,0.480442817
Philippines,2011,0.3723803755
Philippines,2012,0.3286270251
Philippines,2013,0.3399148172
Philippines,2014,0.3182509274
Philippines,2015,0.3173542428
Philippines,2016,0.1489144317
Poland,1992,0.679389313
Poland,1993,0.49348659
Poland,1994,0.4782051282
Poland,1995,0.3593406593
Poland,1996,0.3837998304
Poland,1997,0.2679975802
Poland,1998,0.1632183908
Poland,1999,0.1894810171
Poland,2000,0.1810650888
Poland,2001,0.2132228459
Poland,2002,0.2791777188
Poland,2003,0.2689107827
Poland,2004,0.2450009181
Poland,2005,0.2465811966
Poland,2006,0.1782164738
Poland,2007,0.1356934866
Poland,2008,0.1902240827
Poland,2009,0.1834560248
Poland,2010,0.1757153338
Poland,2011,0.1814685315
Poland,2012,0.2445694865
Poland,2013,0.209228719
Poland,2014,0.1900656814
Poland,2015,0.189494894
Poland,2016,0.1578345027
Portugal,1989,0.4741025641
Portugal,1990,0.45651341
Portugal,1991,0.4792921
Portugal,1992,0.4724527049
Portugal,1993,0.3595638078
Portugal,1994,0.3121794872
Portugal,1995,0.3792307692
Portugal,1996,0.4088549618
Portugal,1997,0.3519925739
Portugal,1998,0.3041812427
Portugal,1999,0.3128681773
Portugal,2000,0.4011627907
Portugal,2001,0.4126285388
Portugal,2002,0.4218816518
Portugal,2003,0.4435253052
Portugal,2004,0.3789183044
Portugal,2005,0.3798494983
Portugal,2006,0.3944816054
Portugal,2007,0.3459936698
Portugal,2008,0.2998568702
Portugal,2009,0.396091954
Portugal,2010,0.3672796935
Portugal,2011,0.4211318681
Portugal,2012,0.2973358282
Portugal,2013,0.2913184942
Portugal,2014,0.2337164751
Portugal,2015,0.236677116
Portugal,2016,0.2079912425
Qatar,2004,0.185387132
Qatar,2005,0.0935897436
Qatar,2006,0.1076923077
Qatar,2007,0.141336739
Qatar,2008,0.1120932101
Qatar,2009,0.150884875
Qatar,2010,0.1775223499
Qatar,2011,0.1417582418
Qatar,2012,0.1806239737
Qatar,2013,0.1718664477
Qatar,2014,0.1308155446
Qatar,2015,0.1327063741
Qatar,2016,0.1463236636
Romania,2005,0.4755769231
Romania,2006,0.5064302885
Romania,2007,0.357913351
Romania,2008,0.3721658881
Romania,2009,0.5342090859
Romania,2010,0.4997677929
Romania,2011,0.4810059172
Romania,2012,0.5454661558
Romania,2013,0.5330895158
Romania,2014,0.5093901137
Romania,2015,0.4704379836
Romania,2016,0.3149130563
Russia,1996,0.8053435115
Russia,1997,0.3026819923
Russia,1998,0.3256704981
Russia,1999,0.1063218391
Russia,2000,0.2153846154
Russia,2001,0.1988080034
Russia,2002,0.1574712644
Russia,2003,0.1896551724
Russia,2004,0.1347103727
Russia,2005,0.2090236686
Russia,2006,0.2179174484
Russia,2007,0.253177644
Russia,2008,0.2579869946
Russia,2009,0.3124890154
Russia,2010,0.2665482977
Russia,2011,0.2535897436
Russia,2012,0.2600252883
Russia,2013,0.2850209816
Russia,2014,0.3117583603
Russia,2015,0.2854007024
Russia,2016,0.1764117941
Saudi Arabia,2003,0.1507024266
Saudi Arabia,2004,0.1526717557
Saudi Arabia,2005,0.108974359
Saudi Arabia,2006,0.0949064449
Saudi Arabia,2007,0.1734172596
Saudi Arabia,2008,0.1450381679
Saudi Arabia,2009,0.1438910175
Saudi Arabia,2010,0.1952896101
Saudi Arabia,2011,0.1816122234
Saudi Arabia,2012,0.1869731801
Saudi Arabia,2013,0.1992337165
Saudi Arabia,2014,0.1061917601
Saudi Arabia,2015,0.0660007298
Saudi Arabia,2016,0.0791982058
Serbia,2010,0.7254391672
Serbia,2011,0.7076138148
Serbia,2012,0.7664576803
Serbia,2013,0.7647509579
Serbia,2014,0.7593455524
Serbia,2015,0.7565922921
Serbia,2016,0.7181779481
Singapore,1985,0.3311781609
Singapore,1986,0.2382240252
Singapore,1987,0.2213707961
Singapore,1988,0.2616310892
Singapore,1989,0.2738782051
Singapore,1990,0.2798353909
Singapore,1991,0.3242230736
Singapore,1992,0.3264122137
Singapore,1993,0.2937179209
Singapore,1994,0.2719602978
Singapore,1995,0.3200707339
Singapore,1996,0.3413139024
Singapore,1997,0.3309088078
Singapore,1998,0.2840631347
Singapore,1999,0.2247758184
Singapore,2000,0.3089321862
Singapore,2001,0.42607979
Singapore,2002,0.4494857834
Singapore,2003,0.4153326685
Singapore,2004,0.4052279298
Singapore,2005,0.4396762151
Singapore,2006,0.3924102564
Singapore,2007,0.295661693
Singapore,2008,0.370298953
Singapore,2009,0.4147122007
Singapore,2010,0.401657974
Singapore,2011,0.3909443582
Singapore,2012,0.4083529535
Singapore,2013,0.3706433471
Singapore,2014,0.3982411318
Singapore,2015,0.3929176086
Singapore,2016,0.3924010217
Slovakia,1997,1
Slovakia,1998,0.8033205619
Slovakia,1999,0.8342911877
Slovakia,2000,0.82
Slovakia,2001,0.5989782886
Slovakia,2002,0.6421455939
Slovakia,2003,0.5440613027
Slovakia,2004,0.6439088152
Slovakia,2005,0.4569230769
Slovakia,2006,0.58
Slovakia,2007,0.7576855512
Slovakia,2008,0.8800890585
Slovakia,2009,0.9381499726
Slovakia,2010,0.8849890531
Slovakia,2011,0.796474359
Slovakia,2012,0.7011494253
Slovakia,2013,0.7288207748
Slovakia,2014,0.7947454844
Slovakia,2015,0.7643678161
Slovakia,2016,0.7356321839
Slovenia,2000,0.1
Slovenia,2001,0.1494252874
Slovenia,2002,0.0561941252
Slovenia,2003,0.0881226054
Slovenia,2004,0.0580152672
Slovenia,2005,0.0707692308
Slovenia,2006,0.0820512821
Slovenia,2007,0.1877394636
Slovenia,2008,0.3480222068
Slovenia,2009,0.4020150419
Slovenia,2010,0.4196875921
Slovenia,2011,0.4524615385
Slovenia,2012,0.5314009662
Slovenia,2013,0.5163706026
Slovenia,2014,0.446268929
Slovenia,2015,0.4763729246
Slovenia,2016,0.1475095785
South Africa,1985,0.3838601533
South Africa,1986,0.3376436782
South Africa,1987,0.377394636
South Africa,1988,0.3711477595
South Africa,1989,0.3421474359
South Africa,1990,0.3373180077
South Africa,1991,0.5163812651
South Africa,1992,0.5659033079
South Africa,1993,0.5892172961
South Africa,1994,0.5404636459
South Africa,1995,0.5670940171
South Africa,1996,0.3649680215
South Africa,1997,0.2613784683
South Africa,1998,0.3022848638
South Africa,1999,0.3208945915
South Africa,2000,0.3449704142
South Africa,2001,0.3789091493
South Africa,2002,0.3821950459
South Africa,2003,0.3855714419
South Africa,2004,0.3355301726
South Africa,2005,0.275248561
South Africa,2006,0.2466807165
South Africa,2007,0.2176466353
South Africa,2008,0.2330758331
South Africa,2009,0.2615417376
South Africa,2010,0.2260536398
South Africa,2011,0.1946153846
South Africa,2012,0.1750261233
South Africa,2013,0.1522470747
South Africa,2014,0.1428554189
South Africa,2015,0.1353767561
South Africa,2016,0.0662154405
Spain,1988,0.3538230885
Spain,1989,0.3079404467
Spain,1990,0.2088859416
Spain,1991,0.2187941117
Spain,1992,0.2732956041
Spain,1993,0.2918675071
Spain,1994,0.3058894231
Spain,1995,0.3513827623
Spain,1996,0.3539941942
Spain,1997,0.3266851771
Spain,1998,0.3097486474
Spain,1999,0.3501598355
Spain,2000,0.3127570449
Spain,2001,0.3272615105
Spain,2002,0.3574332427
Spain,2003,0.3493431856
Spain,2004,0.3284639464
Spain,2005,0.3083274858
Spain,2006,0.3100346016
Spain,2007,0.3011746562
Spain,2008,0.3077937989
Spain,2009,0.3765712222
Spain,2010,0.376257504
Spain,2011,0.4026218822
Spain,2012,0.3115831172
Spain,2013,0.3072352104
Spain,2014,0.2791493799
Spain,2015,0.2892131191
Spain,2016,0.2588139245
Sri Lanka,1993,0.3647509579
Sri Lanka,1994,0.4201923077
Sri Lanka,1995,0.5021367521
Sri Lanka,1996,0.5982824427
Sri Lanka,1997,0.4853128991
Sri Lanka,1998,0.3747126437
Sri Lanka,1999,0.4374201788
Sri Lanka,2000,0.5741987179
Sri Lanka,2001,0.5645867542
Sri Lanka,2002,0.4985951469
Sri Lanka,2003,0.385620915
Sri Lanka,2004,0.3782442748
Sri Lanka,2005,0.5139481001
Sri Lanka,2006,0.5262820513
Sri Lanka,2007,0.5375304772
Sri Lanka,2008,0.5232326585
Sri Lanka,2009,0.4648243254
Sri Lanka,2010,0.3593953939
Sri Lanka,2011,0.2996891997
Sri Lanka,2012,0.3317164048
Sri Lanka,2013,0.3639846743
Sri Lanka,2014,0.3614520423
Sri Lanka,2015,0.3899128022
Sri Lanka,2016,0.3404737025
Sweden,1985,0.480253463
Sweden,1986,0.3745541023
Sweden,1987,0.4056795132
Sweden,1988,0.3957307061
Sweden,1989,0.5160027473
Sweden,1990,0.5282380455
Sweden,1991,0.5070242656
Sweden,1992,0.4598114055
Sweden,1993,0.3511252037
Sweden,1994,0.2853846154
Sweden,1995,0.2880507842
Sweden,1996,0.3026264717
Sweden,1997,0.2956273186
Sweden,1998,0.3365252799
Sweden,1999,0.3145543456
Sweden,2000,0.2659373561
Sweden,2001,0.2718679968
Sweden,2002,0.3675978162
Sweden,2003,0.360486536
Sweden,2004,0.3190741215
Sweden,2005,0.2745348514
Sweden,2006,0.2566492254
Sweden,2007,0.2647687508
Sweden,2008,0.2758598779
Sweden,2009,0.2791742914
Sweden,2010,0.2922668726
Sweden,2011,0.2852173648
Sweden,2012,0.2109826255
Sweden,2013,0.2049033875
Sweden,2014,0.1933270094
Sweden,2015,0.1625887836
Sweden,2016,0.1514148959
Switzerland,1985,0.2834154351
Switzerland,1986,0.2773216566
Switzerland,1987,0.2797482211
Switzerland,1988,0.3179609382
Switzerland,1989,0.3173279352
Switzerland,1990,0.3845283707
Switzerland,1991,0.4549058804
Switzerland,1992,0.4851310986
Switzerland,1993,0.4598683564
Switzerland,1994,0.4812460267
Switzerland,1995,0.4514401238
Switzerland,1996,0.4180424877
Switzerland,1997,0.3446597869
Switzerland,1998,0.3646416569
Switzerland,1999,0.4136631669
Switzerland,2000,0.3463004136
Switzerland,2001,0.309594465
Switzerland,2002,0.3136320217
Switzerland,2003,0.3450365066
Switzerland,2004,0.321973125
Switzerland,2005,0.2719073738
Switzerland,2006,0.2651118273
Switzerland,2007,0.2532164527
Switzerland,2008,0.2692286494
Switzerland,2009,0.3139528791
Switzerland,2010,0.2975984535
Switzerland,2011,0.3037273046
Switzerland,2012,0.220224008
Switzerland,2013,0.2157322699
Switzerland,2014,0.1951769213
Switzerland,2015,0.1659838818
Switzerland,2016,0.1653934937
Taiwan,1988,0.1283524904
Taiwan,1989,0.15
Taiwan,1990,0.1417624521
Taiwan,1991,0.1639846743
Taiwan,1992,0.2266588373
Taiwan,1993,0.1964017991
Taiwan,1994,0.1901306241
Taiwan,1995,0.1845748988
Taiwan,1996,0.2023980988
Taiwan,1997,0.1662352007
Taiwan,1998,0.161961417
Taiwan,1999,0.1865743541
Taiwan,2000,0.1368031052
Taiwan,2001,0.1684034356
Taiwan,2002,0.1525891788
Taiwan,2003,0.1791779008
Taiwan,2004,0.1731604189
Taiwan,2005,0.1626670126
Taiwan,2006,0.1442307692
Taiwan,2007,0.1439092623
Taiwan,2008,0.1205843248
Taiwan,2009,0.1262365914
Taiwan,2010,0.1266499342
Taiwan,2011,0.1391363046
Taiwan,2012,0.1539515779
Taiwan,2013,0.1674820943
Taiwan,2014,0.1499770178
Taiwan,2015,0.1582666858
Taiwan,2016,0.1765266792
Thailand,1988,0.3961685824
Thailand,1989,0.6052197802
Thailand,1990,0.5299145299
Thailand,1991,0.5591381798
Thailand,1992,0.5690716572
Thailand,1993,0.5418854359
Thailand,1994,0.5277972028
Thailand,1995,0.5670776592
Thailand,1996,0.5505640748
Thailand,1997,0.5838857888
Thailand,1998,0.6532809545
Thailand,1999,0.6107411244
Thailand,2000,0.6748274162
Thailand,2001,0.7010399562
Thailand,2002,0.6688474421
Thailand,2003,0.6206434935
Thailand,2004,0.5998086103
Thailand,2005,0.6466567553
Thailand,2006,0.6489966555
Thailand,2007,0.6615213576
Thailand,2008,0.6472269455
Thailand,2009,0.6885527362
Thailand,2010,0.6422059032
Thailand,2011,0.6256292095
Thailand,2012,0.6210823973
Thailand,2013,0.5539123217
Thailand,2014,0.6000817583
Thailand,2015,0.5805020002
Thailand,2016,0.5948730102
Turkey,1989,0.6288461538
Turkey,1990,0.656449553
Turkey,1991,0.7614942529
Turkey,1992,0.8711832061
Turkey,1993,0.6826309068
Turkey,1994,0.6957692308
Turkey,1995,0.7376602564
Turkey,1996,0.7415806017
Turkey,1997,0.5487894351
Turkey,1998,0.4318271899
Turkey,1999,0.4349491921
Turkey,2000,0.2812187812
Turkey,2001,0.4186866963
Turkey,2002,0.4254789272
Turkey,2003,0.4804828162
Turkey,2004,0.4354766813
Turkey,2005,0.2422960129
Turkey,2006,0.4367274344
Turkey,2007,0.4373079028
Turkey,2008,0.406253827
Turkey,2009,0.4463083773
Turkey,2010,0.425327687
Turkey,2011,0.3554390054
Turkey,2012,0.3786364774
Turkey,2013,0.3429498122
Turkey,2014,0.3537923595
Turkey,2015,0.3083809599
Turkey,2016,0.3046753874
United Kingdom,1985,0.3201408305
United Kingdom,1986,0.3018920093
United Kingdom,1987,0.2583535136
United Kingdom,1988,0.3728350757
United Kingdom,1989,0.3972270092
United Kingdom,1990,0.4380538458
United Kingdom,1991,0.4975169467
United Kingdom,1992,0.4922924433
United Kingdom,1993,0.4972139342
United Kingdom,1994,0.4816103523
United Kingdom,1995,0.5167538186
United Kingdom,1996,0.4843541504
United Kingdom,1997,0.4490147783
United Kingdom,1998,0.4046210966
United Kingdom,1999,0.4022519568
United Kingdom,2000,0.3462379808
United Kingdom,2001,0.3768145234
United Kingdom,2002,0.4836439174
United Kingdom,2003,0.4784350675
United Kingdom,2004,0.424880502
United Kingdom,2005,0.3790186112
United Kingdom,2006,0.3301629542
United Kingdom,2007,0.3059147348
United Kingdom,2008,0.2881201637
United Kingdom,2009,0.2849595385
United Kingdom,2010,0.2567395958
United Kingdom,2011,0.217901838
United Kingdom,2012,0.233741838
United Kingdom,2013,0.2227277695
United Kingdom,2014,0.2100925057
United Kingdom,2015,0.2070976667
United Kingdom,2016,0.1052325309
United States,1985,0.1960072595
United States,1986,0.178866707
United States,1987,0.1612732095
United States,1988,0.2201374803
United States,1989,0.2101775148
United States,1990,0.1791616629
United States,1991,0.1862774753
United States,1992,0.1905290254
United States,1993,0.1966654036
United States,1994,0.2235722611
United States,1995,0.2224615385
United States,1996,0.1675765774
United States,1997,0.1391346212
United States,1998,0.138674009
United States,1999,0.1512242684
United States,2000,0.1228665865
United States,2001,0.1091715678
United States,2002,0.1037484989
United States,2003,0.1098269973
United States,2004,0.1010807102
United States,2005,0.0866726297
United States,2006,0.084653092
United States,2007,0.0943262792
United States,2008,0.0893535421
United States,2009,0.1038439638
United States,2010,0.0966391252
United States,2011,0.0843970894
United States,2012,0.0965270053
United States,2013,0.0889436234
United States,2014,0.0876399071
United States,2015,0.0840546805
United States,2016,0.0890267561
Ukraine,1985,0.22114906
Ukraine,1986,0.1946000684
Ukraine,1987,0.1892250341
Ukraine,1988,0.2443870477
Ukraine,1989,0.2371531055
Ukraine,1990,0.2150594641
Ukraine,1991,0.2094944559
Ukraine,1992,0.2034573571
Ukraine,1993,0.1985946247
Ukraine,1994,0.2085332316
Ukraine,1995,0.2118567474
Ukraine,1996,0.1961231709
Ukraine,1997,0.1603722884
Ukraine,1998,0.1429147872
Ukraine,1999,0.1521904809
Ukraine,2000,0.1398359479
Ukraine,2001,0.1471466609
Ukraine,2002,0.1197770943
Ukraine,2003,0.1233201724
Ukraine,2004,0.1024189529
Ukraine,2005,0.0965066293
Ukraine,2006,0.1004827675
Ukraine,2007,0.1082618155
Ukraine,2008,0.1093706311
Ukraine,2009,0.1382269397
Ukraine,2010,0.1303026419
Ukraine,2011,0.1168565914
Ukraine,2012,0.1273911855
Ukraine,2013,0.1179774209
Ukraine,2014,0.11937176
Ukraine,2015,0.1205195012
Ukraine,2016,0.1077955377
Venezuela,1991,0.5641762452
Venezuela,1992,0.6055979644
Venezuela,1993,0.6513409962
Venezuela,1994,0.6961538462
Venezuela,1995,0.8907692308
Venezuela,1996,0.6374045802
Venezuela,1997,0.4871373837
Venezuela,1998,0.4997263273
Venezuela,1999,0.6907498632
Venezuela,2000,0.6730769231
Venezuela,2001,0.7478927203
Venezuela,2002,0.8300492611
Venezuela,2003,0.7755240027
Venezuela,2004,0.7058823529
Venezuela,2005,0.7532051282
Venezuela,2006,0.6406882591
Venezuela,2007,0.6307723331
Venezuela,2008,0.8461229409
Venezuela,2009,0.8758169935
Venezuela,2010,0.8812260536
Venezuela,2011,0.932642998
Venezuela,2012,0.8744473917
Venezuela,2013,0.7768936045
Venezuela,2014,0.7965865552
Venezuela,2015,0.6762452107
Venezuela,2016,0.6120689655
Vietnam,2007,0.2034134448
Vietnam,2008,0.1225844165
Vietnam,2009,0.1372141886
Vietnam,2010,0.1889196771
Vietnam,2011,0.2706378987
Vietnam,2012,0.3217712678
Vietnam,2013,0.3690894414
Vietnam,2014,0.3167422405
Vietnam,2015,0.3479936678
Vietnam,2016,0.2944437906
Zambia,2012,0.8166392994
Zambia,2013,0.8433908046
Zambia,2014,0.8903256705
Zambia,2015,0.8941570881
Zambia,2016,0.9310344828
Zimbabwe,2005,0.6923076923
