Year,World_mean,Argentina,Australia,Austria,Bahrain,Bangladesh,Belgium,Botswana,Brazil,Bulgaria,Canada,Chile,China,Colombia,Cote d'Ivoire,Croatia,Cyprus,Czech Rep.,Denmark,Ecuador,Egypt,Estonia,Finland,France,Germany,Ghana,Greece,Hong Kong,Hungary,Iceland,India,Indonesia,Ireland,Israel,Italy,Jamaica,Japan,Jordan,Kazakhstan,Kenya,Kuwait,Latvia,Lebanon,Lithuania,Luxembourg,Macedonia,Malaysia,Malta,Mauritius,Mexico,Montenegro,Morocco,Namibia,Netherlands,New Zealand,Nigeria,Norway,Oman,Pakistan,Panama,Peru,Philippines,Poland,Portugal,Qatar,Romania,Russia,Saudi Arabia,Serbia,Singapore,Slovakia,Slovenia,South Africa,South Korea,Spain,Sri Lanka,Sweden,Switzerland,Taiwan,Thailand,Trinidad,Tunisia,Turkey,UAE,UK,Ukraine,US,Venezuela,Vietnam,Zambia
1986,81.20829492401455,NA,100,73.70829615092461,NA,NA,69.149707099909,NA,100,NA,92.362138556687,NA,NA,NA,NA,NA,NA,NA,81.55384007408276,NA,NA,NA,NA,74.16904615781654,78.65686568646446,NA,NA,91.6330091272525,NA,NA,NA,NA,80.0428748476265,NA,92.26903223379247,NA,80.95528367808478,NA,NA,NA,NA,NA,NA,NA,NA,NA,60.53837579624341,NA,NA,NA,NA,NA,NA,46.9874255012952,NA,NA,89.04858003460114,NA,NA,NA,NA,NA,NA,NA,NA,NA,NA,NA,NA,54.7749000789861,NA,NA,93.57497009784814,100,84.07237124851149,NA,91.17847987852836,46.42295715561404,89.71949381502353,NA,NA,NA,NA,NA,79.36129616163339,NA,98.82013479542371,NA,NA,NA
1987,58.18412907480245,NA,38.09575284895319,72.6550295387421,NA,NA,53.81336792174156,NA,96.70229883142693,NA,40.692598336930295,80.31700647198315,NA,NA,NA,NA,NA,NA,95.63928261553546,NA,NA,NA,55.78817155395341,41.89894634331942,39.18598187433043,NA,NA,62.87200684398243,NA,NA,100,NA,51.44982781211074,95.63742885731764,57.99419529561941,NA,59.11699693019924,NA,NA,NA,NA,NA,NA,NA,NA,NA,29.839850411803702,NA,NA,NA,NA,NA,NA,24.21819763375791,NA,NA,39.468940945222094,NA,NA,NA,NA,NA,NA,NA,NA,NA,NA,NA,NA,21.48205263835751,NA,NA,52.430577777365315,91.83612269536133,70.87551823914407,NA,43.38232716622707,18.05134060032327,93.5925462615651,72.79715317051512,NA,NA,NA,NA,37.11878419062025,NA,50.38743936286294,NA,NA,NA
1988,73.36595161567656,NA,69.22115770490592,61.01170495871532,NA,NA,61.86745964565863,NA,100,NA,61.61888561775684,89.78937598058332,NA,NA,NA,NA,NA,NA,85.09678809713643,NA,NA,NA,69.7587586944367,73.8128204247952,58.83388064700246,NA,89.61058575915357,56.15309944029497,NA,NA,94.29955700431866,NA,76.36588206129916,92.85484973788668,68.36287328225143,NA,68.82113030948149,NA,NA,NA,NA,NA,NA,NA,NA,NA,33.54056583262479,NA,NA,100,NA,76.60881155969143,NA,48.572998376759834,82.17609491915721,NA,77.72291514062043,NA,NA,NA,NA,90.73679013311393,NA,NA,NA,NA,NA,NA,NA,27.06003945254196,NA,NA,88.78948542671861,88.34536240345369,49.33801320533691,NA,63.864521960345265,47.47693136446052,92.19617641220857,77.41398218873977,NA,NA,96.52335040048932,NA,66.01484171174108,NA,83.94861669499973,NA,NA,NA
1989,67.71585769898464,NA,72.4284763426811,64.38062885310578,NA,NA,58.33133798251372,NA,100,NA,58.257970252088086,89.00911939298908,NA,NA,NA,NA,NA,NA,86.8379201876758,NA,NA,NA,61.464235243044904,34.91280070179952,34.39601563375801,NA,79.79662403246603,78.34341269172893,NA,NA,87.33879310809853,NA,39.32225773588112,93.47132220193818,50.63012289640941,NA,56.949377704577145,95.40137341317838,NA,NA,NA,NA,NA,NA,NA,NA,34.79272122291572,NA,NA,87.46579111021127,NA,67.05527845875007,NA,33.2812624804274,65.43567397343233,NA,62.17608370382726,NA,92.40129112387481,NA,NA,87.82094289465351,NA,NA,NA,NA,NA,NA,NA,35.769886413924425,NA,NA,66.5833042337273,88.89929825505558,42.82936827194699,NA,51.586203256499985,29.796317544683394,89.98853124458708,94.0381607007275,NA,NA,96.77007103453721,NA,54.87825322824538,NA,82.64650733647058,NA,NA,NA
1990,73.66821081207978,98.86552465800074,80.37410116100307,59.30975477012402,NA,87.41352536211808,37.86229370487595,NA,96.69401762433245,NA,78.76536553885715,91.38448662920655,NA,NA,NA,NA,NA,NA,89.87424184594947,NA,NA,NA,86.60299613352609,35.10849691619602,39.99167151764242,NA,91.50348080884162,50.487110508465825,NA,NA,99.0156925392983,NA,66.0137813801744,87.04446733175652,53.06639536256592,NA,64.8474485826334,85.14550363492938,NA,98.17345934765794,NA,NA,NA,NA,NA,NA,47.580106241866424,NA,NA,74.21923315119497,NA,95.39657437036519,NA,33.51056080902535,66.20546846557531,NA,66.93504158448363,NA,100,NA,NA,90.89340003223893,NA,89.05380526995658,NA,NA,NA,NA,NA,36.9468697871478,NA,NA,89.85656129787573,88.04344082485568,41.09578224229071,91.59562214423184,48.34094547987032,36.12983455161118,90.07014346262004,66.96646966322605,NA,NA,92.13247095252584,NA,63.829294700613694,NA,81.50082621036246,99.88679831933726,NA,NA
1991,66.23037889065762,98.60637624435077,71.18495540280408,27.623426823165765,NA,95.19209029384325,18.061988949608743,NA,98.07651013578314,NA,84.30029123915175,92.1675478800125,NA,NA,NA,NA,NA,NA,72.65115650804461,NA,NA,NA,54.966327669643256,17.177769673482345,16.65984712058807,NA,59.90374498331635,58.76461145437916,83.17873060349974,NA,97.94859068687279,NA,27.932074922697247,80.80728220592202,29.156770814842027,NA,55.302076816488025,84.1032543514851,NA,94.7135415429445,NA,NA,NA,NA,NA,NA,45.34241828592131,NA,NA,71.19013087911914,NA,96.00508180782218,NA,16.031511763374027,75.17372128807241,NA,47.476331467148135,NA,100,NA,93.91899732472127,89.6167061878803,99.34403906462464,81.47226622194265,NA,NA,NA,NA,NA,30.82369919911814,NA,NA,65.4123217661445,80.43617218935132,22.99269936226469,96.22249844851099,35.476876885388094,16.31973114119436,89.31599548084513,76.3982684851554,NA,NA,83.53822701712012,NA,29.754700530790736,NA,85.8560678508156,100,NA,NA
1992,77.53569017337614,93.24776789951198,67.36740796163264,48.26370105631634,NA,84.31251892036148,44.883406931021305,NA,99.61847924235676,NA,90.93119565666927,100,NA,91.13939367557688,NA,NA,NA,NA,83.18662151370216,NA,NA,NA,79.27904888893563,39.120951183772455,32.73256677946497,NA,77.71042889861185,78.98093122299575,83.94643638126777,NA,96.96043863320469,NA,60.69542309454249,98.87129822973601,74.76267249380419,NA,81.65752671331109,81.86129630426234,NA,99.8317487824642,NA,NA,NA,NA,NA,NA,66.3083089265647,NA,NA,87.09193858320809,NA,93.7770311043671,NA,29.278303618165168,65.99637345646234,NA,70.33575314621861,NA,96.83093133130562,39.84063189220966,93.77845552972258,96.67322491600122,89.87229520864251,98.85734807775302,NA,NA,NA,NA,NA,58.72230664937588,NA,NA,66.01017450429848,84.81337551182231,64.76724278717491,99.67158552130162,58.5443510233712,47.11191876163249,91.54926354455701,98.39727367523507,NA,NA,98.53917939248295,NA,45.958529576441165,NA,92.47422775240524,97.15184336781337,NA,NA
1993,82.4591875704098,96.25682631746338,86.55063936749696,46.175294406368025,NA,88.44365908500271,57.74194036989999,NA,100,NA,94.82356117254757,95.60100289730238,NA,69.5692541984638,NA,NA,NA,NA,93.52052720807283,100,NA,NA,70.0512201029452,49.44692042338297,40.222561235752494,NA,94.91733421634684,82.26423846672891,86.96291768311592,88.72167593767398,98.7774387265377,NA,71.40128680806325,92.7298541780851,79.49519442781838,NA,94.75896949347712,88.64583673893897,NA,99.73926951980435,NA,NA,NA,NA,NA,NA,84.92825149543452,NA,NA,83.37272239063327,NA,90.69347921624558,NA,27.497416996172497,72.12014592706885,NA,63.62695594811544,NA,91.78988840016478,94.67134700146667,93.45894624068748,93.01181817484695,94.77170085953287,100,NA,NA,NA,NA,NA,64.11232390735265,100,NA,92.22886164132967,89.62791572924642,60.408532793380296,93.23584965402414,68.16072413071525,45.19129704072731,93.05839676050422,92.3888334474296,NA,NA,100,NA,51.63944723451056,NA,98.60628812002183,100,NA,NA
1994,79.72220722987927,77.58113282653879,71.40824991336629,56.16101991164214,NA,96.27508646831009,40.6192828693005,NA,96.28167339258525,NA,77.89152775510712,86.68127611651482,95.741833295556,94.58449524079086,NA,NA,NA,98.8236280057313,84.83150006241124,100,NA,NA,56.107987456924945,43.45240053650527,53.294632711803935,NA,87.03565116292533,49.81965660134746,85.23518837555284,92.95000845896223,100,NA,56.16052615007084,98.2267291312385,87.57185680153789,NA,87.25381482911135,97.65090847822452,NA,100,NA,NA,NA,NA,NA,NA,60.68791901622652,NA,NA,91.34319234166789,NA,98.65336090232353,NA,30.858838096511665,64.59131281158727,NA,50.002412513364234,NA,94.22587621149192,100,89.64891375609697,91.81596645971858,96.82420422813898,88.27942570462568,NA,NA,NA,NA,NA,38.88933943541395,90.21882442837614,NA,92.30427398318484,98.88369073810989,57.68753562555155,100,60.741262952617994,52.74636159716087,96.2369157106814,64.53878783105247,NA,NA,96.2626788687242,NA,56.07249878457991,NA,94.61537626066351,97.50794837367182,NA,NA
1995,79.36309431931085,56.87160544686741,86.67257901485847,42.04973421727247,NA,93.17891561483393,32.61916610768182,NA,90.03711773222393,NA,89.30880414045536,68.02618015255212,100,100,NA,NA,NA,84.3490213925596,89.18924370258652,95.78525939527222,100,NA,63.900775683501934,57.18597023870036,38.003017765379624,NA,74.78666320782624,63.00032734496745,89.66781829370105,93.79975713900882,97.5881406453162,NA,58.30116528931881,100,83.51434512509638,NA,82.72111578281697,100,NA,99.51166193823296,100,NA,NA,NA,NA,NA,56.86789506940837,NA,NA,77.89190103162485,NA,77.9608049255192,NA,24.97486965669189,82.66621879844593,91.98542994578332,51.08474127791512,NA,100,85.33434318422877,85.25375582076681,79.7515185946038,100,93.27038071919918,NA,NA,100,NA,NA,53.372371564860956,94.77169811230632,NA,86.67941803294345,100,55.26748449544519,96.01539747665254,63.682161984912156,31.84621257149636,98.15670736871375,65.18651179562843,NA,NA,99.16086714949735,NA,54.91233866358637,NA,87.53496258945788,100,NA,NA
1996,84.20353875034822,71.73578982442015,70.93853627090625,58.19340555905343,NA,100,57.280699376041156,NA,94.25989259623401,NA,77.70386892606905,93.88632260908271,99.47026552762367,83.64592858889301,98.39486261180564,NA,NA,93.99981017785558,88.1923978751846,100,100,96.11820254084085,64.31157349195773,51.8793770046313,43.47372013723367,98.9695339732162,93.09345502672284,63.2986673906867,90.65811323962274,99.5149524146063,100,NA,70.9851499374644,90.02683298527006,80.97158153195295,99.1524211723555,88.49200997825014,100,NA,99.88584951342489,96.79222285987015,NA,NA,NA,NA,NA,61.32712623796589,68.93282553700321,84.04709664368646,86.86651921968078,NA,88.20219264053894,NA,44.899943829762414,87.50454570084844,100,52.828720702688614,NA,100,88.8060880049502,94.52950747333321,82.99215646576059,93.26564542306556,95.86354682366897,NA,NA,97.6204919300733,NA,NA,59.3450165785817,98.63295836127111,NA,85.04120981071824,96.17960617773234,72.11226822964815,97.33992141769542,55.9661085467237,54.75454331914512,96.82101121397592,88.0651774807813,95.50694547276919,NA,98.41645656364602,NA,64.2947547907216,NA,83.53865228457397,100,NA,NA
1997,73.15098704722166,39.98756505036012,48.318990378709174,47.496010656328934,NA,96.8372166160698,49.82252055705778,NA,67.63272322312973,NA,45.68113045407522,59.31507197226481,99.13042517654927,97.85583622308906,76.84927743347164,97.22702068630066,NA,92.5298105852656,96.30635646688317,99.18450896157341,97.62945964436068,90.95535407230061,31.327770927445563,41.52804324022546,37.77697415919309,82.51681116002312,94.19529018980212,47.6259296032993,61.67496190531694,100,98.42431361282917,NA,54.50876039185466,78.95481601218836,58.107887595870956,97.44037179755378,83.53012578167383,98.38410122528516,NA,100,92.42291233739085,NA,NA,NA,NA,NA,77.02729245898753,71.45311773245378,97.65653588483535,41.36715707595744,NA,88.8760541903756,NA,32.52823440502364,48.984728692334436,100,51.21843704876622,100,84.27875734300082,NA,70.26938085053257,80.88922821581869,58.81062802187395,51.29773277650352,NA,83.93416831424348,52.04378302386053,NA,NA,47.393026311048516,100,NA,38.83216081248373,87.57116644717844,45.12265599722324,93.94148616546852,33.89093123764868,43.36387284385916,87.48211778447934,89.49144538569583,95.77958564403086,NA,90.93827139638115,NA,56.69601476949639,NA,59.39843667044218,79.40137656610537,NA,100
1998,69.12323108906959,34.04508088696468,53.90640483694411,45.846688638202096,NA,100,39.90528503115796,NA,68.73832174648942,NA,43.185407037451796,52.81814273433228,100,94.6958400108807,22.35501841436809,79.07984647795901,NA,54.40086000869984,95.3181329484654,97.12317403345033,100,98.53018475850931,30.049236590108997,21.087539000977827,27.679509722571826,91.37044662990533,70.21803698342782,47.302848593749225,56.80405039657923,92.15552113906156,88.97429730667133,NA,63.39515346607547,72.37094031799721,32.02950251962926,86.87526098900122,68.19913237389272,100,NA,100,95.08060519461392,NA,NA,NA,NA,NA,83.02445151532774,99.6753524714922,80.34123339849285,36.0321700104504,NA,95.41767838620437,NA,23.496893620599902,63.56958253255859,100,45.00669115523193,98.65369525950459,96.820051086979,NA,67.96188622952693,57.59065173037844,49.06582668358919,41.358349122483574,NA,100,69.6444044301629,97.04279606649476,NA,44.32270066149657,100,NA,50.531573266134366,88.24763488438981,31.50800116032617,96.85192809687615,34.64672820117638,27.871586602389474,72.67921381376864,54.53865893551275,98.83893478145987,87.2629926740011,76.24180474939969,NA,36.0541226855279,81.35837244833426,47.89497797713278,83.73359906645618,NA,97.80116374287373
1999,79.66625029300694,60.94077880076848,75.04809357232696,69.78077384058543,NA,94.50080188859987,51.25379310453793,NA,77.70982473613438,NA,67.55816214186369,71.36368516355282,99.09041285275303,82.96041099824197,72.44417398605279,91.02116570720258,NA,82.828159261736,90.7129063424494,97.26770508937813,100,88.12220920106853,61.66919917914544,27.792398732024417,39.6806298783297,100,88.84558466333793,65.82551962028882,74.71680096626953,89.07583147786433,99.72835044043717,NA,77.08178214432945,81.52798946574117,47.10213324423294,82.01194692102408,85.31849289444334,100,NA,96.44764939433227,97.72709975982727,NA,NA,NA,83.06248588343632,NA,96.53854273181699,97.6735825824597,67.24421853458179,54.68053843386546,NA,91.11596735677064,NA,31.119600177118954,81.02048920758604,100,66.83883886301263,99.22947105085657,100,NA,69.36750060903883,73.95867287083117,69.29236526909348,77.40074808611736,NA,100,88.84369309882624,95.56151558913865,NA,70.78305399063754,95.87799614261728,NA,71.07205981553373,89.79488762247298,40.70807956025797,100,54.14751316699141,42.9894606881301,95.16445749438583,74.30401061007753,96.86452541279903,89.55605172850416,99.51532056265332,NA,49.5593965452834,85.99139152495961,78.36701542707338,93.04790864156149,NA,98.45794605612365
2000,76.33258922555677,56.87118748615242,65.10383964346627,52.98743676870775,100,100,64.32665111574522,NA,60.01961834956501,NA,53.493470795380674,76.06114695394027,100,100,47.04435285353698,88.04807990152145,NA,67.45104628711181,90.79676201181648,75.96913678402916,100,85.04754109042611,51.12079514501821,19.71549202608306,25.354047761222766,100,85.28627190492611,48.815159978473964,58.83149047615056,89.05368587626108,90.84092874458806,NA,67.52196003041776,72.93290120610084,31.020591955789712,100,83.26503094141012,98.95703308862086,NA,96.87418177305005,100,100,NA,85.01022969233073,76.66793771690472,NA,90.2876887214216,79.66493016513618,83.83270296754623,51.352646559756934,NA,85.82323805914949,NA,24.11226544107513,82.27228206911512,100,51.63481823814872,100,98.92793721723817,99.02070618254945,80.35560654831043,83.64928312754255,67.27994702689269,56.026108706967605,NA,94.84932665183268,68.24907703566751,97.58737996999068,NA,61.24766989357616,94.0667184531901,NA,57.97381159918309,67.68320030866457,30.366070131148724,98.75264312314465,49.830747585638235,46.27972708085002,94.18715274679559,75.44425444435052,100,90.06526866765797,93.64945141038407,NA,45.855944087049274,95.52041988110663,52.74985369113126,88.18989499135445,100,100
2001,74.69224709016075,78.96847321692607,68.80147350261139,54.253282310569176,100,99.86122314299047,32.24923115488547,NA,76.07528613522241,99.25325349612324,56.07324711713028,66.26631131744234,97.33750145767664,NA,100,80.39504222011604,NA,73.54479023429661,57.21052927798277,NA,96.63078465409583,60.81907560395968,50.909339346504076,12.149352380211997,20.349713168863136,93.32263519120949,72.31594301222631,55.519013670164576,60.87873823633395,94.08909151704452,85.04096258179399,98.80315448036716,51.24530951842517,73.39637979163045,18.04988998394006,NA,70.76703636266336,92.11530709287456,NA,100,100,100,NA,78.42152050211357,70.54577825994195,NA,82.9321811776304,80.72330911160248,100,63.91304591536427,NA,94.07250694139145,NA,17.56661476946214,63.717975620881454,100,56.86941160839547,99.76275255604779,95.97232092622299,94.05017715112562,80.69258280397143,93.21461105709574,76.1179390357316,61.48038396410976,NA,100,81.11007825608971,97.95090035596957,NA,57.90920962620626,89.05436415354458,NA,71.33857833839221,58.539738262680196,23.788228694445866,100,39.868968268957694,30.513627215389928,83.80567375828238,80.37898122795889,100,81.49860103980281,84.06655511785624,NA,28.115094924934624,100,40.39127719344846,99.94880257328667,100,96.89537017744024
2002,75.12130143846446,100,58.369319229106445,70.96825332021501,100,100,21.274657653530614,NA,87.70033295917233,99.90393921086753,35.932762492331015,63.296453161365974,100,NA,NA,97.19335640063905,NA,87.43822745050814,46.27714947612878,97.74673406575978,100,85.03834648296117,34.30409810290036,6.72714183680887,22.954642989573227,100,63.329661356861855,60.167249971229516,73.29722890157939,88.20303245977286,93.2207662649031,94.77007503902108,52.74995362553808,92.46902531867165,17.306694621388342,NA,80.87083797648373,91.89551777592409,NA,98.48450941961293,100,95.47971892745426,NA,83.64222249305487,71.1797441780895,NA,83.77078139950258,85.87051568242958,95.77233775335256,52.68968982906153,NA,90.28740618100755,NA,11.615343529725308,66.24868293395288,93.40730818187754,49.365585391231036,100,100,96.08839073158245,84.14409619994339,89.57856899455447,87.19671710599113,56.11467730274966,NA,99.63971395934367,71.6009125886712,100,NA,60.52809815150536,92.8912679154127,NA,79.89919861519607,55.974010494470065,21.886762651978852,99.56651364988195,27.612095673681424,22.810662332024933,70.61995871585631,72.95575525543188,93.35762694687313,87.5381402871578,93.25809906950798,NA,22.933273324445214,100,46.68376387498081,100,100,100
2003,78.49939442152947,96.17348790502105,66.55140243712934,70.67247081822471,100,100,30.524929688387793,NA,78.28061752663781,93.03515536042282,67.78490778667555,73.1451141887264,100,NA,NA,95.84122761275717,NA,93.30805120853618,63.42005339606962,99.69370478019655,100,83.93684427676617,53.11940682243199,10.701142472999958,27.657853795466746,99.26066385674815,73.70514055722757,52.64267287486398,92.19472146428865,88.470012510516,91.24351539218193,84.48033573604299,71.05159357107827,92.02237101557908,27.44944759420718,NA,74.15105659184795,99.15136137952992,NA,97.38236510926485,97.90573884294717,94.6858286279938,NA,91.62070224414812,71.72376951481054,NA,81.803200206723,70.87418853657937,100,63.92722660847324,100,85.45303373634728,NA,12.207048876320947,74.67525389418796,99.71098576541625,72.25184474795266,100,97.28042520992989,100,83.52144759726032,89.60757649825446,86.62279756909737,81.07571775609632,NA,92.36005007713489,94.54990794968273,99.83918715870252,NA,53.37123106178117,91.77605183809703,NA,89.76216824254121,54.509797967648076,24.05669841087227,99.40210833429717,35.68564091790811,37.8579500306145,58.47767782957914,87.37513422233684,100,81.80421726018837,93.90405360262251,NA,32.14642970023387,100,42.16727047421684,98.90627724217602,99.37334199778081,96.6303677554612
2004,70.58996558598368,77.77402848997413,39.14449167386407,38.86215142206895,98.21953581999516,100,17.668087981891524,NA,59.73491049168459,75.72485200818929,57.41433030437242,63.354487858811815,99.12974337169959,NA,99.36594133249513,72.91763193608209,89.97161874049219,63.43686649356819,32.819253528237205,100,100,65.22432343094182,55.30636019019042,5.673813175186549,9.715309186104282,100,55.308903995647526,53.17114192292267,67.95353302414739,85.53009791361991,81.99900964032565,75.87881375181877,47.685662123480846,76.96958522953688,13.660689041741314,100,59.786618557591076,100,NA,88.84228670687611,98.04014698374864,85.28585284261828,NA,64.07247383506466,77.71494783355045,NA,75.66379243818865,70.68771589926085,100,52.67246918673507,100,77.13173726210603,NA,8.395074441890394,51.78904716605559,100,56.567199588860504,98.8285816965441,95.44058307308279,100,85.49086694352297,91.16658705920844,65.21354662013908,73.45567139959974,NA,86.36875464698392,85.39744612256122,90.01173695902064,NA,49.94034510793897,78.41240842655193,NA,62.43058875625474,36.85625986514659,15.251978338961504,98.97954507223932,24.031274708917483,21.02509838106511,70.70126579410571,77.05001707395644,100,60.69853941847969,81.95558468644303,NA,28.251292066163714,100,64.6773661820863,93.56594615675782,95.602786346217,99.53867356912608
2005,75.18828482244328,78.76739531313984,53.7062667888728,49.30824741567401,97.91353720644732,100,23.832130838096777,NA,75.44749008660332,87.53633110482897,67.37703406654657,67.92818832960744,96.3299077435631,98.64838262307812,93.84942374001184,89.24966642408,89.08078360396631,67.60564635762869,47.9153584242509,99.235020787578,99.05372305428291,79.56343477921354,41.107182090629756,8.619921552581022,18.470326482692812,100,65.84002003537304,67.17129107914131,68.88055518265797,89.18715328479263,86.472549605385,86.4821347679671,49.64043513512833,89.5317081961577,16.88758735868674,71.21218756734531,57.174427281247574,99.0057834077208,NA,100,99.33329799346282,86.63342985542786,NA,90.97703030690354,80.47680427677979,99.7018727933739,93.5269937745957,85.0949740055326,100,60.351800801862666,100,69.33766637434823,NA,13.325268232064936,47.69740785293879,99.2414643024712,54.514369909409375,100,100,NA,84.59310445323865,96.47799005581345,53.771369391941484,85.84187500374627,97.55727440014718,95.45854782270513,76.85686463980882,97.23280279438804,NA,64.22198500536715,83.47882257758354,NA,51.638983703579775,54.721965423516416,16.819342125969918,98.88363411125633,31.95301061570689,29.984329488263285,65.40221941741908,81.16478025128032,95.67116552500214,79.25535708058608,73.590506579604,97.01764034795481,28.162223426392195,97.86839241820802,69.99551387853639,100,99.95238309237789,99.62365961580709
2006,67.05155600428097,48.21878728417077,43.46876737229168,28.714917548726948,100,100,11.419213725112298,NA,52.3984674719233,85.4946227883267,57.75089963046292,47.30726358744515,99.27398459601284,56.377956717680455,97.9491815080619,87.23797876225044,78.30979856154487,46.97645103272625,30.99824839774299,100,94.90519861959868,76.02705642303297,21.109651100282655,4.771840046749332,8.674452633082396,100,40.16028910161109,44.68036527730609,47.73521037797393,92.34337822747732,53.00140188556226,41.279008516845096,27.330654648196393,80.99332712529191,11.05453812704711,100,47.81043376363676,99.14799535439344,NA,100,100,94.2877257114699,NA,87.76320054915446,86.1810358143704,97.42283536797885,68.81795081185047,94.04380368021825,NA,36.207519142674805,100,89.12476356741973,NA,6.601001026464937,76.29030911666776,95.96495185108377,39.11638514120658,99.60271468706867,97.2411866375166,100,90.74469009039818,65.39785805783187,49.12994762218745,69.07238005506832,99.4793364628178,88.57037214787046,38.10585720099808,96.31015228107485,NA,36.86115346348839,90.09717625803984,NA,39.75021684918537,45.31587127432909,9.637813445422038,100,20.527639743616753,17.45471050648224,54.330692052849884,75.76506065934956,97.55799449423557,82.24912458245083,47.53037994716078,100,13.219372829909581,98.17833272841546,44.09659965482269,98.18287005371238,99.07526657160936,100
2007,62.52936091857128,39.53852739514956,25.985882698016184,20.462584273810393,96.62656580419198,98.02106656576348,15.578202471808677,NA,31.389188916111642,87.834952442327,36.17325083303879,50.6319084332411,94.38335602752726,60.494961855390386,97.40251960493353,80.0224559360153,56.098525030175935,57.693772640431384,23.280848669965735,97.26484349661729,84.63448659184448,74.55133059746095,21.474953661641717,5.384663825399317,14.725996253001327,95.79465515980594,33.716497157256555,32.97994797555253,42.54528413628507,51.437943453300974,63.124705140298566,32.755295484272004,32.50995349336634,53.43972593434656,10.895875933545307,100,61.55240384173122,100,92.38724456298526,95.86861821993229,100,75.53998305686878,NA,62.96009018706935,95.44847015495316,98.48433267073493,34.86316013773326,85.39000719871488,91.4986695398448,29.59881106266653,99.53578994883847,98.46646832155722,NA,7.811595547080419,38.38069612652393,98.92188418999478,28.14324946099719,99.28367633295531,97.9574972509002,100,62.319021952626215,48.628726791721334,36.3133639799645,51.192816386162384,96.29921085993008,59.049889382709466,47.1095231494457,100,100,23.70916315719108,93.13626215798303,NA,29.29097657290888,35.12088879263877,19.799924485231436,100,16.70041512795921,21.108413187712692,37.55167009726343,74.89752525220243,97.59331746557714,90.8662608373938,34.35423266777629,91.54702128303875,11.17062521386758,100,28.811066185924595,100,97.47798738735456,100
2008,53.019503712057904,40.612753114799574,23.339531804014747,17.66310811837014,75.55801963040464,93.93207862120573,17.451109766219307,55.87861672180991,27.408883673919892,56.38766129416276,32.61229551373934,34.555616962639554,80.6333475918908,52.19301974744926,81.37905697354356,39.21288859903369,40.48863555688813,34.29651967197734,13.268607700145507,96.5085415183786,69.5633272973537,47.352468125466885,13.609646995611014,3.78051261768797,13.771960309185616,100,26.421108837783613,37.401935117451615,32.509802130310916,93.38557584426306,46.2266989359587,46.45113847087734,33.228330641283144,61.58248842383642,6.562211491837422,79.56428067750949,42.08574007462711,83.78056063256074,66.41805269358179,86.93569653026564,95.22702435850863,63.82581821033685,62.70642816810663,50.74229101477394,52.00992330688696,80.97009576577018,55.86797706771437,66.96591611534002,74.51939193640712,20.927482068762092,92.25603471009379,56.776716602462365,24.70968735701824,6.280504522754004,24.944271501063355,98.82526420862374,21.61578834168212,80.09053706325847,99.47138323634421,100,44.44996853215646,43.39320374593703,26.602303707852382,28.66886376274436,83.36526095870639,37.36325465063726,34.33314281523423,93.00789102234717,73.76170238809814,23.76601220706469,70.62777474547796,63.11833927991625,28.212392306509614,38.379180626210754,9.763015196152802,79.54555912894182,9.802103871982348,15.193516990601431,48.58119203394129,47.996799109598555,99.3205572163804,70.20262192015817,41.10876262716485,73.15894411127928,10.42528746920527,87.36409250964485,29.822600749893734,99.19086632985656,85.65260414174904,89.81365223375848
2009,58.11216122898404,30.748351089696047,32.197288768901366,19.246917289103383,97.56521414984579,100,22.25779271119086,62.406579853736474,25.31510800032922,59.370977592972885,22.397185257592266,44.78401169922942,78.89440303763267,64.27611817865821,67.7616833500595,39.227369560394585,58.5720489702191,41.409704331764985,30.993071798002358,100,72.23682000101566,61.283874311053225,19.16617945870891,4.326015356072888,7.671094886099983,100,44.42543735869084,34.97375593716172,42.71369109795587,72.46847140041012,54.534256390228656,50.68185780393326,33.29933582436067,54.89073627304053,8.622169054421324,94.98074486686163,65.03131810301991,96.75074616912137,68.7426505993252,96.18975856770247,92.9313596155105,86.23142914179243,98.16120716869739,65.38237929773962,63.75201871342651,76.0385935016385,42.547722932003616,69.07069510343888,96.85456971198674,27.313259615162934,100,78.25332125240784,35.60290281641516,7.8896151604574865,32.265149018012806,100,20.477615439734763,91.13802709306142,97.03181074953494,99.07573585009925,47.84977041068843,64.53759990529294,32.972672041313444,37.95724083064624,77.93953930714613,52.024217133948305,43.48325975841053,67.06852238823517,70.32573245524954,28.25151242088917,96.40742342920659,72.99936103248889,29.678239118704354,51.39967062269049,9.605308472720097,99.93661460066261,16.821158936443638,18.517361856969394,47.297137657483226,53.74780106641064,97.93835496370656,63.529599659206504,39.0083560830315,75.99244148588923,16.41349678976114,85.5052425701479,34.975488189388116,100,83.3067905113882,96.06228440182655
2010,55.271156283894356,43.63085149124879,24.850780936128324,11.140539632467494,91.76695178258433,99.85434450050454,7.541278082763037,76.5129934458602,32.355429060385,62.25592138061579,27.190910772080535,48.74006167783591,80.37153647245219,68.53233871339012,63.166501354867044,55.260965692604145,55.841478082015975,35.40660804399904,23.613811082699055,100,66.9152708371582,61.3848530582222,10.976180077060427,2.3234116188565856,6.812052166624993,100,48.72569101843665,39.583879218389164,27.371507160443407,68.16368864502842,42.784549239487056,49.294542838897094,19.009595706094863,47.726946632643205,5.40756239726381,95.86592309194644,70.0782990296253,98.67693649560935,57.148912385303696,95.21136776829387,96.7059307805626,78.8169768889223,NA,45.13386954368019,73.40725899412648,69.547209453782,43.1679118748775,69.94611463228281,92.00055090242056,19.349991206766703,100,66.85610867111417,27.884176855802146,4.191530850164071,37.05964906704358,94.7829407017314,12.275247178472327,81.551084969949855,99.843152187968,100,46.989908939563904,58.61932924779298,15.941555191865199,31.695616048232367,84.20384662319599,42.52071683158833,26.66258058810762,73.83224427897599,62.78599816822831,28.19260345456449,87.033212195606,93.88160151636443,28.005043759811155,29.09665414189999,12.77518169042462,100,10.651801003509998,21.2925447464417,33.30186715998753,71.0935932496882,97.31576850519066,78.00625327053254,36.276740934931496,77.1518832816791,12.157151082209705,61.80709438188513,30.45986486438379,99.41522865044809,90.7859051988636,87.8957876271774
2011,54.74032074115031,37.39765047969124,19.71011069519938,13.539261367093092,99.52519764288911,100,8.559311868177389,61.671101580769076,32.68089229024046,62.64914078267003,20.090243072325187,39.63712240231545,83.95588220798207,54.56706514842091,76.30183971708227,38.31156503689618,72.06736137808998,44.49640187842808,22.32216624769715,100,96.79133581244908,39.10351342846554,8.808136133855736,2.450627154357088,6.220009696755257,100,57.6454832651119,30.800875874830382,30.768126952569432,69.54645248457449,53.00438727815695,41.01741355568416,11.760830645189934,47.39611446188975,5.620473819907379,100,66.92899713215914,99.96886667474745,55.18534433968523,97.8900444899624,95.23579266084727,65.31491485428724,NA,51.651615214233125,26.748876607290796,71.72667157360686,40.77764671992886,63.5904048136839,85.13419356287226,21.82133296084354,100,74.29005410774478,37.55985821055252,3.3329099307404353,32.558891240603025,96.6237841693018,11.807066768792051,98.20280283501988,95.21143651481461,99.9731350612909,74.2069738827109,48.40876016002647,16.67304761852555,36.667069474785094,86.62814655907437,36.70398145522954,32.56788422071881,98.13946231715973,65.73357140148003,21.834335595939702,75.24739791754853,84.85820879125609,28.712787600587642,22.519838720343554,7.89066113789918,97.73251021550047,9.49759160865552,22.6698409539718,31.13587635791044,50.54311479542959,100,91.94492028714663,55.3472749901783,80.77202038016054,12.25624458430542,36.038411923789646,24.03540822851873,95.5405746446202,97.45975502434702,95.43181957063584
2012,60.184347272470646,73.41105781233117,27.95020688007901,12.688266751289955,91.77865193342117,100,16.492622619484486,37.57011227964462,47.61867289159996,68.28374987727621,27.147533401376332,38.48695800687665,82.80177664838573,66.16823213200385,72.74839091823303,47.1243846816781,89.02074148400575,56.06067136102511,38.915246498582945,97.36910574466957,97.97173826968371,53.15167280942047,11.531431469401653,4.467492253827476,6.785175575657165,100,77.58536271028869,44.8252548327382,35.14050919428748,72.3988507109765,61.15098751441073,54.67047528241039,25.43157333377937,61.6020401895968,8.636147904061042,100,64.19501509193407,95.91558346106457,85.68786683847595,96.40238581047052,97.62628146477917,62.362300340261044,NA,41.701115486839214,39.8940377134108,90.47089793682775,51.148963781117715,71.5425398016107,98.8283195288416,38.86991037333559,100,82.80089792733273,35.73611530641584,5.651835735323596,47.58481728864009,98.4025190593812,19.270038359728268,96.78930752588911,95.898641158600185,99.09259463216479,49.99581158415265,62.94303419082914,21.27303447813259,45.75137859499052,93.35670671121584,47.54977115819257,35.489909413661444,93.075323345691,74.00803677380254,37.61945516774531,88.71704563851421,97.21120936819614,37.869634965702346,35.363480244137136,18.575151660376044,100,17.318691011271458,10.911521630874322,48.82509313853192,59.073460166124214,100,74.6173856426021,52.00523536449835,83.6686928407198,13.8996927621164,41.306598738465226,35.85616459786289,100,97.0839621940626,100
