Year,World_mean,Argentina,Australia,Austria,Bahrain,Belgium,Bosnia and Herzegovina,Botswana,Brazil,Bulgaria,Cambodia,Canada,Chad,Chile,China,CÃ´te d'Ivoire,Croatia,Cyprus,Denmark,Ecuador,Egypt,Estonia,Finland,France,Georgia,Germany,Ghana,Greece,Hong Kong,Hungary,Iceland,India,Indonesia,Iraq,Ireland,Israel,Italy,Jamaica,Japan,Jordan,Kenya,Kuwait,Lebanon,Luxembourg,Macedonia,Malaysia,Malta,Mauritius,Mexico,Montenegro,Morocco,Namibia,Netherlands,New Zealand,Nigeria,Norway,Oman,Pakistan,Palestinian Territories,Panama,Peru,Philippines,Portugal,Qatar,Romania,Russia,Saudi Arabia,Serbia,Singapore,Slovakia,Slovenia,South Africa,South Korea,Spain,Sri Lanka,Sweden,Switzerland,Taiwan,Thailand,Trinidad and Tobago,Tunisia,Turkey,Uganda,UK,Ukraine,United Arab Emirates,US,Venezuela,Vietnam,Zambia
1986,80.87730830530519,NA,100,74.16773733937448,NA,68.26940741514554,NA,NA,100,NA,NA,91.68149777747855,NA,NA,NA,NA,NA,NA,67.32702785520802,NA,NA,NA,NA,74.2501418101061,NA,78.81966481160862,NA,NA,91.14972471826923,NA,NA,NA,NA,NA,78.71707078260548,NA,92.57771245869712,NA,80.19121808309858,NA,NA,NA,NA,NA,NA,60.686302735726485,NA,NA,NA,NA,NA,NA,46.64351538513489,NA,NA,88.14642742274854,NA,NA,NA,NA,NA,100,NA,NA,NA,NA,NA,NA,54.707871131272,NA,NA,94.95332990916904,94.41004234214897,84.10863400896275,90.6931090423119,89.2885504697044,46.2397473499248,82.7942323012989,NA,NA,NA,NA,NA,73.59646534136512,NA,NA,99.3905854465756,NA,NA,NA
1987,59.32093250143423,NA,36.34397705249943,73.35254029739485,NA,56.432707321293506,NA,NA,96.87359430287633,NA,NA,40.13160109831144,NA,79.85490641195773,NA,NA,NA,NA,55.323312672096925,NA,NA,NA,55.08210542242566,42.92579312683048,NA,42.50717119268932,NA,NA,64.92259023319178,NA,NA,97.76298762712166,NA,NA,50.41141627916679,95.58192986694293,57.759231800411634,NA,57.393218402399306,NA,NA,NA,NA,NA,NA,30.66697388795816,NA,NA,NA,NA,NA,NA,24.449635029981344,NA,NA,39.60656795370742,NA,NA,NA,NA,NA,90.87379441422212,NA,NA,NA,NA,NA,NA,20.856263876945302,NA,NA,57.74154279827543,94.83304232428159,68.91811849128773,93.2085228875737,42.44686301045013,18.32710159950539,92.88118303391158,73.1113043217538,NA,NA,NA,NA,36.04498582975948,NA,NA,52.32392497723816,NA,NA,NA
1988,73.3973288645646,NA,69.88663911363118,62.133570859386424,NA,62.002044544993005,NA,NA,100,NA,NA,60.102741089098174,NA,91.23000855515467,NA,NA,NA,NA,67.18079549351012,NA,NA,NA,69.54357824000638,74.26754324183183,NA,58.930449989713395,NA,88.26249801156679,53.51540823066957,NA,NA,94.31508037568273,NA,NA,74.54849900456313,93.22177728447272,69.90423259770205,NA,69.4126036244186,NA,NA,NA,NA,NA,NA,31.47660132104395,NA,NA,99.93604770928638,NA,87.96379733202915,NA,48.875388743021276,82.55476946017637,NA,77.70809818147055,NA,NA,NA,NA,NA,90.57575445935946,NA,NA,NA,NA,NA,NA,25.496550140604903,NA,NA,86.0755309156221,88.31330868313994,48.35714211879335,91.50152256132199,57.29279995183526,49.89641720059006,93.3891511700371,78.1542971110604,NA,NA,97.11522119464641,NA,65.70004339091673,NA,NA,83.4639272229695,NA,NA,NA
1989,66.88942258773089,NA,69.75323384149318,65.58009999743038,NA,55.48025897860086,NA,NA,100,NA,NA,54.56536703109228,NA,87.14695586433345,NA,NA,NA,NA,56.703223569951646,NA,NA,NA,60.969837530118596,34.64512305583336,NA,34.07213551689885,NA,79.20680052607172,76.33178881242415,NA,NA,88.93256903657438,NA,NA,39.82440540826111,90.47923492598477,49.09337904896336,NA,58.42918708754428,92.30964935177913,NA,NA,NA,NA,NA,34.16201303572546,NA,NA,88.53131599469475,NA,72.99417898545005,NA,33.29249049593066,66.09249506356822,NA,59.81707995685842,NA,91.45767539325193,NA,NA,NA,87.93928393296211,NA,NA,NA,NA,NA,NA,36.24640932366814,NA,NA,66.33696630520618,86.66043601215215,42.48142016266723,88.92693958609813,50.08536233877523,29.46643710620385,89.62282249615377,93.2249505219593,NA,NA,97.04512002190906,NA,53.399024168425576,NA,NA,80.492387848758,NA,NA,NA
1990,71.69823446058389,98.97734406218568,80.12051140292789,58.709374018206795,NA,37.00260216605822,NA,NA,96.3239525737082,NA,NA,80.04195219784411,NA,90.91990229516347,NA,NA,NA,NA,55.958021578273346,NA,NA,NA,85.17308649156938,32.37150986121839,NA,37.434439239080405,NA,90.54926204555886,49.70380813969748,NA,NA,99.49378108209088,100,NA,65.60149463190193,87.14857614299775,48.73961582177749,NA,64.15101332376382,82.2422760936863,100,NA,NA,NA,NA,45.734697415367066,NA,NA,74.54169180378987,NA,91.4873533164469,NA,33.38036550789943,65.16660006640552,NA,66.57470408731912,NA,100,NA,NA,NA,89.80374746728128,NA,NA,NA,NA,NA,NA,36.60572021275339,NA,NA,91.14194071066252,92.87385282355429,41.461186891185385,100,46.98377460427579,32.02825469838376,87.3511573720854,66.20763600277388,NA,NA,91.72502314326651,NA,62.84157589718448,NA,NA,83.05580769559448,NA,NA,NA
1991,62.895087226834754,97.58760464411974,69.29332125483637,27.892435863896836,NA,18.00920553980452,NA,NA,95.04206243363143,NA,NA,75.25751542188786,NA,92.54131258367389,91.69957111790656,NA,NA,NA,22.88618212842004,NA,NA,NA,55.07409610642847,16.700696516802893,NA,16.90154948677607,NA,58.59039623373118,58.01813915687697,86.73555624971833,NA,97.54227263231203,84.56924514834463,NA,27.34727945016364,80.58432752060315,29.147716457293306,NA,55.98680376263921,82.6096031606772,95.29940480276127,NA,NA,NA,NA,46.256624322186354,NA,NA,68.17045406844227,NA,99.6762037028848,NA,14.559323268138957,69.47042540207308,NA,48.364065335060836,NA,100,NA,NA,93.88384318986887,83.87310359640433,NA,NA,NA,NA,NA,NA,31.200551601215597,NA,NA,64.59687853737243,76.93817370760904,23.635416227599173,94.16417548152,35.53691095761856,16.13147090018634,91.063856909082,76.23805568569635,NA,NA,84.6261394280187,NA,27.31410406149848,NA,NA,86.36776392494751,NA,NA,NA
1992,75.89044393993987,95.45612376264548,67.0894437933036,46.6928780308121,NA,44.71012081418746,NA,NA,99.28426173269972,NA,NA,92.04158598663173,NA,98.86055380783577,89.09741183992634,NA,NA,NA,56.87019503820759,NA,NA,NA,78.02226043924267,39.773360273378614,NA,30.839647847713415,NA,79.9591016174228,79.21815583863882,84.75744034053754,NA,98.593025360102,80.25052685184446,NA,63.773308769283055,98.39853779905502,73.96855982895704,NA,81.9045152379305,81.00497084061695,100,NA,NA,67.95084619155023,NA,68.20403960367693,NA,NA,85.34851015124298,NA,93.81764973414293,NA,29.653161521761405,66.12881308303345,NA,68.5837830430411,NA,99.83224455595308,NA,45.84283078040991,94.08887689520117,97.16852643266598,NA,NA,NA,NA,NA,NA,58.36387392636355,NA,NA,64.9183243818378,89.51602510420392,64.24708115322599,100,59.14842524977344,47.21020003656684,93.86056609982009,98.38066253937225,NA,NA,99.0155824773849,NA,46.59971662096068,NA,NA,92.51469580407276,NA,NA,NA
1993,81.0958304850717,97.31348722216804,81.35824941033663,46.33410249224532,NA,58.980804640630865,NA,NA,100,NA,NA,94.02985307642727,NA,95.24555414106914,95.9246482948804,NA,NA,NA,66.59594860663852,100,NA,NA,70.11468529129355,49.38188079706699,NA,40.0694515181297,NA,95.50934578484724,83.26591979035692,87.29089634614752,81.25720791639712,98.49118530951812,85.83849612129211,NA,72.15466290074595,95.49887971777596,79.81915793841017,NA,93.68748033086035,84.50261454339618,99.7569567136893,NA,NA,83.73302119785873,NA,87.40464140071103,NA,NA,85.2481614673923,NA,87.23346320396203,NA,26.776739058119393,71.24673737033685,NA,63.43703313315289,NA,92.754799899335,NA,93.31492889745189,94.04475230646712,94.10216503069464,NA,NA,NA,NA,NA,NA,63.750244311716195,100,NA,91.67387145379334,88.0326887424734,60.43411084784152,92.54906625929661,71.36920371294127,45.257355819023545,91.32259102845465,89.35748377426229,NA,NA,100,NA,50.22204578624613,NA,NA,98.00912016265922,NA,NA,NA
1994,78.37674464560602,77.47465393036298,71.74526371249847,53.776179936435796,NA,39.430547819751105,NA,NA,95.89773541124516,NA,NA,76.02383987576503,NA,86.92267008673927,100,NA,NA,NA,55.64173201166881,100,NA,NA,54.680437101808685,46.30356911375988,NA,51.82740816340714,NA,83.29258416143387,50.72814844131334,88.32173408674696,95.08037482145464,100,92.06329695918943,NA,55.89655120604912,96.82604050294309,87.68717855142653,NA,93.35225032852715,97.37597813823895,100,NA,NA,81.74780752647669,NA,59.667279350228164,NA,NA,90.76910101567903,NA,97.51747543504851,NA,31.794263857285042,66.54450052867776,NA,49.14560211372194,NA,96.35611270773417,NA,100,88.13753831573393,90.8618543588469,NA,NA,NA,NA,NA,NA,35.98663487349534,93.36897247581477,95.50746404595529,91.72855199844638,99.0322448819694,57.711838141680595,100,59.792018315681474,53.29270827092189,97.34475911330446,65.03625179431104,NA,NA,95.45050824626449,NA,58.28135482105623,NA,NA,91.7909603768084,100,NA,NA
1995,76.95647014884626,57.4614626495867,86.23164103634286,41.0658167565711,NA,33.88422043197241,NA,NA,90.71866735640172,NA,NA,88.68792744713407,NA,67.96442822162639,100,NA,NA,NA,51.734849772097526,96.31240227139067,99.70544355527434,NA,62.28958735463803,55.942987813240684,NA,37.45991415717243,NA,74.771488101393075,62.65145022610543,88.0101801960202,90.85837364416504,97.9309753275351,74.2113452641447,NA,57.74391068822035,99.26925818041539,81.79931779679802,NA,82.21947782914506,100,99.30065666706518,100,NA,47.34628877525461,NA,56.68943307849226,NA,NA,77.45781844015022,NA,79.16050389380301,NA,26.938829847451508,83.33808586489006,98.55688132251824,48.89834378208862,NA,100,NA,89.65161587474138,84.43594570880914,81.50333360743416,NA,NA,NA,100,NA,NA,54.172268309578605,94.83257875656868,94.8943628655563,87.54939193246042,99.92234971430531,53.27965747446254,96.32108700982714,64.93745048463488,31.094506719986327,96.3353203730659,65.00467814038946,NA,NA,100,NA,55.874506032420335,NA,NA,86.18483743319878,100,NA,NA
1996,83.60149448938316,68.33406276014365,67.22202041769506,62.46989319665847,NA,54.882799616643354,NA,87.74567263179924,91.2311690322484,NA,NA,75.96002191169836,NA,92.23915113665797,98.63853716867716,100,NA,NA,64.05529598505005,100,100,97.21694827010481,59.837419691533334,50.03332031130332,NA,43.02037261567357,98.73393831075386,95.07659771061438,64.0647602386497,92.82348813524172,98.45451575514691,100,70.89795523093623,NA,70.70053262871797,89.71038544549124,82.64220250884405,100,89.0374193558609,100,99.72619005451877,97.95362058989717,NA,95.14189516360419,NA,59.55132764129177,73.9931126534123,100,85.86378512759416,NA,89.04933289083372,NA,43.67891831756261,87.25841435225009,99.08679104768095,52.49960322865903,NA,100,NA,100,95.16875160892064,83.23858327949372,NA,NA,NA,97.35343184663854,NA,NA,59.71509203204074,99.15655759704045,99.8198115926656,85.79402372221406,100,71.67326626472406,96.30506512062374,55.21326088572681,54.0620568061668,97.45884648599753,87.48132985594465,98.28776309670833,NA,99.52480110731778,NA,62.534758503117104,NA,NA,75.8611445582241,99.41413733412536,NA,NA
1997,73.80757955710092,39.785433122612645,49.71633363369175,43.45631894158062,NA,46.63015741633277,NA,100,66.94331362977262,NA,NA,43.68931770189509,NA,60.444266690838056,98.80182078820025,96.20594852501821,97.03418953537489,NA,56.457903806496965,98.5266052520524,97.79846430676514,91.00337149511249,31.06944782837495,42.11338919764111,NA,35.728447214276535,99.94407060540894,95.19812313268632,46.97909950852765,61.96412973110564,100,96.07561756242193,73.38528999334476,NA,53.89156157576033,79.24010221778542,56.83222450831784,100,83.23513005094875,100,100,91.81221735594391,NA,79.57857608537094,NA,74.02172916046192,74.99656280606025,100,39.15015237537152,NA,90.59234397556975,NA,32.42823959595904,49.14624068068937,100,50.61819806934319,100,85.84288695735512,NA,97.26734740512659,69.16744458202861,80.90379833324526,NA,NA,81.40005978756969,53.44874926096509,NA,NA,46.900775724454014,98.89671955226598,95.04661606126146,41.06727576575086,93.80061124501083,45.50481224903831,96.24010252093686,33.27276650563719,40.974634481443296,89.02909876648022,87.879021335169,100,NA,92.10959055583787,NA,57.29343547259788,NA,NA,55.12650606326821,79.441239623205135,NA,100
1998,71.7091079729195,33.5050532104712,53.21978433521303,45.45010856523224,NA,39.07528458917726,NA,87.6861187138519,68.89698115692278,NA,NA,47.389878289899656,NA,51.7172380850621,100,100,78.30301955630118,NA,48.328988185088015,97.3043140782319,100,97.85221016493199,29.399565575716146,21.27526041001412,NA,27.397678795118363,99.842541906251,70.3004793645617,46.6361072027017,56.91531446135292,88.7857863209508,89.87915011632363,66.85728497531966,NA,62.27495395748313,73.79669787166766,31.752599643126533,96.36255404908698,64.95676524260364,100,100,93.94877892663011,NA,88.04085843638114,NA,82.10109059882936,100,100,36.28801402789621,NA,95.50590217034845,NA,23.532899581274226,62.11488032986339,98.50916660620973,43.44825219013755,100,95.4704036798321,NA,100,66.22653295557171,56.79515036843613,NA,100,100,69.57227553094208,98.0638311187827,NA,44.08749798978373,98.65302922193352,85.12525622989988,49.6700545650633,89.63707633325969,29.167771247556885,96.03417221188722,34.39836993810496,27.775237659686102,73.06157569403211,51.55902017857215,98.64476570650133,84.52929138493573,77.40157191698536,NA,35.93959778749183,94.4237309608337,NA,53.41277015236976,84.56447437095427,NA,98.48164718363705
1999,81.18674072840477,61.535944569977154,76.4938746540667,70.83100267680996,NA,52.46753678840829,NA,93.33814797565292,77.13262463566186,NA,NA,68.1856035211952,NA,73.02168980616422,97.90771865301866,92.5927104698117,91.45718596894274,NA,68.5896870735954,95.7248851741659,98.69205832708235,92.30570782885347,60.44099638220527,24.781129970901404,NA,37.070520675062,100,85.88737277928496,65.58773628524312,74.64227361095948,89.73972740123206,99.96067020484573,87.73229634692439,NA,76.83301411861677,82.67587446703443,40.8200874166734,97.49474331973299,85.70053547272268,99.56050780014995,97.14983173561905,98.0528957069275,NA,81.60703229141998,NA,96.99808263048368,97.83174760251849,100,54.83640191747007,NA,91.05076449299987,NA,31.354732148978968,80.69059427849835,98.54730353703015,64.6554587668339,96.79121238963403,99.6669463348267,NA,100,67.93727965170008,76.30347372437839,NA,100,100,89.33178240099274,100,NA,71.6976846614861,96.3648898950619,93.50403663507603,72.09570664205275,87.19537224450818,36.58857004038889,100,50.28732422698745,42.205669470564786,96.63550052275741,72.68976593129963,97.81065723595275,89.36046884598969,96.62153811364209,NA,50.942204692859164,98.09032966965503,NA,78.92519239708174,92.65291347961728,NA,98.58136302645126
2000,76.50770726213712,56.80456482515501,62.97319761061373,55.20743959568368,97.54440975113602,65.43204839048911,NA,94.01894143269963,62.356462595672625,NA,NA,51.82651739618061,NA,75.7183588095818,100,70.60141547632995,89.28021521897989,NA,58.70880270338481,73.22616965463662,100,83.77594670921093,49.78268888097568,20.169277295960917,NA,25.386137090865436,100,85.4749315805751,47.521731503259545,59.93161370111415,90.4874146899377,90.4505371599495,96.58527630656376,NA,66.1512446680566,74.47612035003328,30.271871776273372,100,76.78045365237831,99.0573392215682,97.49197639197675,100,NA,81.98158077707076,NA,89.80678265172462,80.23707032784657,99.04212016506105,50.04205391480776,NA,87.08565082239737,92.67695936991859,24.309404680742517,81.66090508289638,100,50.622598776922736,100,99.94795726271711,NA,99.2433027526414,81.25172354538269,93.82492852929686,NA,100,95.45963258817467,69.05862905182848,98.65915735903508,NA,59.46919465835111,94.05813209232662,66.63131055920266,58.667193740293854,61.548322226634724,31.360040736267734,98.40731840776041,51.015420671565394,46.19782620984974,91.49526395955016,74.50571789660685,100,91.8453842226157,94.71600235199766,NA,45.25133490080847,99.21224076272792,NA,51.49160547597964,86.78675916576375,NA,100
2001,73.31208730962506,80.59968420528233,64.38151591280938,52.790897413236046,99.55612460950044,32.17353459084964,NA,100,76.8697407572049,99.19716245893625,NA,54.58750645265388,NA,66.28273992066565,97.13531209243781,90.5284113165299,80.57940038266366,NA,57.24460850050088,NA,96.30571217442552,60.41322734345398,50.575371018257684,12.489742818853033,NA,19.712567817288253,92.96042728150005,71.66819954845286,50.5363774763251,59.692917194574825,94.60230867353219,80.67216438004586,94.7796187549044,NA,50.67162397064493,72.36082086289063,19.13986701482382,100,66.99008128296143,92.92542201077376,100,99.61460839593714,NA,61.09336313654959,NA,83.25538355047415,79.77722606115161,100,63.27456143641024,NA,93.20040307796266,64.4375028383689,17.85401379434831,65.29466256000134,100,55.76408011029667,100,94.70056302897298,NA,72.25378873283938,79.58709632842297,92.8557337546723,NA,99.8158814089277,99.62887225619252,77.19196214093226,81.69882916276605,NA,56.44796174096793,89.58875910026092,69.00962842418524,69.89747186245619,56.322074498498274,23.946378061391073,100,39.350524853905824,30.712569573488203,83.01547824963231,82.04899048834358,100,82.31555768900657,84.2536529134271,NA,27.92385820602481,100,NA,40.2552969994491,100,NA,96.97255092938633
2002,75.02741189082803,99.93886992690378,58.26157751816853,70.18598983855763,99.6766660963768,21.350706289546494,NA,80.65954006708687,88.45914838697831,99.93985743638963,NA,35.84858937421394,NA,63.404625347994724,100,95.25246592920841,97.54844645067445,NA,46.69292876317152,98.775097015871,100,84.83901043609504,34.58552511565889,6.643717565124918,NA,23.013188044983657,100,63.744592853872874,55.366892101954946,72.74180898504572,89.23476265176716,92.23103856342833,95.03349319825355,NA,52.314578237960085,92.41949752256568,17.378074865971126,100,80.01990924240405,94.70939285236219,99.18813021767927,100,NA,73.1059413584998,NA,84.60208116047204,84.29430264477345,100,51.58893967409347,NA,88.60190197223567,63.760408563450156,11.531394348050995,66.20388679653372,98.91824880237051,49.39630279518252,100,100,NA,82.95514836434312,85.09760263947855,89.86933719819126,NA,100,100,73.30438155117697,99.28385317244114,NA,60.785933970773385,91.39069762334489,95.12863970404746,82.218483223385,59.139798132379006,21.831263658599642,98.94620722288062,28.251989658816424,23.1158997431943,65.58260162948218,70.3668884652456,97.29902720912294,85.80437633031623,92.77393013837943,NA,22.612649279154407,100,NA,44.970436876795226,100,NA,99.83780511779472
2003,77.6100840522599,95.68077485369874,67.87171778479075,71.78105330985626,100,30.221935182520276,NA,84.70371261142677,79.2803431927684,90.75298564167561,NA,66.29716346253194,NA,73.07389326393219,100,94.11782498412671,94.59464482343645,NA,60.898440184765015,100,98.26615771669135,84.42036682811786,51.87461231151177,10.788123475992172,NA,27.65701519187729,99.43975801675002,73.77268950813807,48.90876139653712,90.00290850370135,86.83131476947715,91.5374917125064,89.71731327855733,NA,71.18696092802588,92.31559691818396,27.521673761230137,95.39868966977129,69.93156632093182,99.24929792538086,97.71878217448608,98.10292932623669,NA,84.56247407069925,NA,80.81364947768051,68.6995664383442,97.12601930773684,63.140410328692866,92.63395875651695,84.31145528474566,68.94689665663698,11.92758555988993,74.91709440515507,100,69.79520866504328,100,96.72511242688245,NA,100,85.55158252756647,89.51729060537247,NA,100,91.85395042827832,95.53692118295676,99.20497536032718,NA,52.73434699987642,91.9504727405335,77.33609747186753,89.34137887376342,53.247343592993246,24.016016620327285,99.74271012609036,35.56540027450546,37.6641519958991,57.05567824495037,86.20883770240161,99.93754092868016,83.42439903725418,92.5767933752827,NA,31.536960978969276,99.88095134736264,NA,42.036992979901086,99.97177947568049,NA,97.34780064099394
2004,69.19562828531366,77.85766799250783,40.73336083663204,39.65918743509222,99.61450230195176,18.04352767389894,NA,89.74529009110725,58.84537289243305,75.13138983403151,NA,56.91335044375895,NA,62.227379060973284,98.83981466601644,96.75902452951401,74.15483662981642,92.09550858642247,33.11342602914937,100,100,64.91248730085651,54.545751407246435,5.694951086413291,NA,9.753557767963928,100,55.46121090449021,49.44117417549164,67.4960095530087,85.725378603374807,82.32374710040527,62.10237926562687,NA,47.43687952989654,75.66025120867032,13.796298489707958,100,50.978603169530025,100,90.27976275276279,98.51802007624086,NA,65.71910037166965,NA,72.80487608024082,70.19139719477792,100,51.18583709914428,92.64216342327066,77.06326438721518,49.31919517065963,8.415120418844403,50.00010709410905,100,56.229077461062325,98.31603673511393,96.91774993338205,NA,100,85.82702075765175,88.06242438391048,36.04557456531378,96.67777184298379,87.69295613388796,84.80249997857388,89.08137304064951,NA,45.69785246969262,77.58133881291663,58.01873011464863,61.61036432494298,46.40281946353673,15.584261507351894,98.72593682980693,23.731830039947333,21.492260670403617,62.528886230548586,75.49484392359327,100,60.7735569557076,81.89742162457803,96.72698890016645,28.524595816865748,100,NA,63.883137415368786,93.88158417463842,NA,99.84894951229857
2005,74.14542502219695,78.12289040579114,53.56372812177139,48.83966969201411,99.05759458919351,23.739622583589327,NA,93.46256961464456,75.57971954183411,87.02191176313111,NA,66.97236605000094,NA,67.54075234548418,98.62800055458203,92.33906185519348,89.33886529558563,88.86436811642568,47.31763729874845,100,98.4651114923589,79.22724633729997,41.070522441877365,8.316999788004232,NA,17.277876200125885,100,65.71990379255953,62.95996020788379,68.31564376625685,88.96962520301977,84.81461549283637,88.90562289999482,NA,50.01857572714628,89.02512426027388,16.65260463585245,95.79659802593788,58.40449297660224,98.781948012246,100,99.54122135327071,NA,78.73495143335184,100,93.40527838409912,85.16145877162596,100,58.668873085847295,98.28122958051682,70.17915762936134,65.26685613297062,13.485359690265408,47.835543912433984,100,54.579474229520066,100,100,NA,NA,84.72442845350118,95.27925829274784,38.89155593991623,95.99717700565515,95.51928846267421,76.7234771869782,98.7135283608054,NA,62.6705447497803,81.92060968911103,69.65520191775201,50.76296080664293,59.411173802585935,16.552839296687672,98.96330580219505,31.580609860176146,30.066102801051507,61.54463165657692,81.40485118807129,96.51050442383244,78.25720749411566,71.75794922532981,100,27.51587935027109,97.8125846851161,98.05159229242192,69.58433437389567,100,NA,99.36634634413842
2006,66.70543653102986,47.75965239220511,41.31155737816072,28.314132122174417,100,11.384921710206674,NA,85.20660422004703,52.80197986762403,85.78644390566076,NA,57.42462011248275,NA,45.79896568049266,98.07125704855905,96.23304506433463,87.37750367671453,78.09660608765199,31.017819928728397,99.35663281587077,95.75772390277244,76.32612959873362,21.103660162325323,4.813477345822459,NA,8.898542039023628,100,40.766367383913604,43.3173606133674,47.35611037816319,91.61745839787214,53.73001766384707,43.37378244738643,NA,27.347305428803992,81.13560498897323,11.097728883824088,100,46.62680483744186,97.36607944511921,99.26457901144038,100,NA,77.80568893979346,96.83941137092575,69.21386369003169,93.28331474773258,100,36.1579979961726,97.81863276737268,90.24994941160529,57.95723722989019,6.599871714066197,75.22407451658508,99.01005607498311,39.650761941246856,99.61792991409868,96.79632268020039,NA,100,90.64506207160542,66.06238486525214,42.62823399481325,100,88.29898253176728,38.96740878388428,95.41463307979832,NA,36.246405564398984,88.17059940348994,73.91434479168748,39.45688666074973,44.283452621990364,9.559798006678522,100,20.378642923380774,17.39113765364475,54.97790784426382,76.83067675904796,97.65072265699368,82.31838166421242,48.68044781337919,98.82911983957321,13.368738299458215,98.08659640947674,100,43.76400497923847,98.44476572915566,NA,100
2007,63.454767835820796,39.265378379272434,25.606868596762588,20.514122540702108,96.87205179506,15.881444629841146,NA,92.96000607793655,30.6986534119458,88.07691845435016,NA,36.13510357809935,99.4014033757545,52.96966212061469,94.85499770041596,95.99056260394822,78.57601641214625,56.07347650838228,23.85328976452493,97.64796599708905,86.22900231747441,74.29428511427798,21.487605934598598,5.5753495207072845,NA,14.720394953079829,96.24152853996993,34.01795285093908,33.10330863912143,41.91592262266774,51.350094048835025,60.627420623116826,33.39952822453978,NA,32.692122862750054,53.77353535427224,10.781635885464446,99.52422075060764,60.27719536288095,100,96.88201995296747,100,NA,83.06534670916243,97.89684811703624,34.77969005325867,85.15128903666307,98.95893486936865,29.435659922174118,98.2818656999239,98.13494719699865,60.140102699559414,7.912702058196497,39.033217112485175,98.65074145628347,28.521946611277315,100,97.65221919139934,NA,100,63.53682465247251,52.65373892883688,37.97318791631776,99.54936184204793,59.55033271362722,47.69574889383008,100,99.89444945338937,22.72709382070257,93.61751825856273,94.77582515665914,29.311353611310885,33.831095499581146,19.726123684600193,99.81940232046038,16.672624025501925,20.798295765819507,38.45554785406675,74.28674097304855,97.08729933052078,90.46521257051087,34.89525791669371,100,11.105306722965636,100,93.10516827732036,28.422500525528637,100,96.90316341984689,100
2008,53.57945841137111,39.82449179316403,23.361770568443507,18.61496024360978,78.89627739470009,18.16912672864406,NA,75.3076153952359,27.350645180803788,57.09990957889697,NA,32.549583596632495,75.88699408201978,38.668164051897016,81.38363043836446,79.76012838823013,39.70636909627898,40.6144639446699,13.31777756946131,96.80216063365629,71.63221794347363,47.75976098793655,13.585624810388829,3.545967918267323,NA,13.557596439485241,100,27.087710580115697,36.97236749466939,32.430486161035766,93.99614939780989,49.96063867216509,47.41038869939223,NA,34.00706817459345,61.913696897915514,6.5396855766232775,88.4133538900109,42.88811637751753,83.83726615806476,89.76992513090558,96.09180192843596,68.6936144215776,49.51322449257759,81.54706132964003,57.01228967002889,66.92041100711384,81.53281182352968,21.332673189503936,80.58831979165144,56.99812739242055,35.25116528026329,6.154284436538548,25.318771561618668,98.48573341157257,21.297366340099376,80.4446021202762,100,NA,100,44.581483918345874,43.02495641572981,15.540553313499894,71.29761890751196,36.68491701874119,35.31713011386175,83.05754057457622,73.87580455225383,22.08605957126818,71.57665397718596,37.31409892684885,27.447477103202257,37.082844346218145,9.50080324253162,79.73788386183472,10.25292401460991,15.199109139225852,47.29667879029555,48.43963375812537,99.6767707902997,70.74784040376436,40.881331023525924,97.76299877678825,10.074763528045217,84.38615321909761,73.54858531539355,30.128810020454022,98.71712602216735,86.61397275446969,89.01763496337313
2009,58.329002553917,30.01750938968064,30.811867369234413,19.423864201244832,97.94121383530572,22.065435282122202,NA,62.93256138662562,25.126959533988437,59.08213862419169,84.82565300890357,21.730406079456234,79.30656452176824,46.0373802416564,81.02461015358628,69.13376003890454,39.86863625810475,58.56935695151911,31.63628296240908,100,73.12972214088944,62.966252505715104,19.227561261758265,4.156873026910879,88.71987066189327,7.309245507668938,100,44.54380031487651,35.65278065439188,42.30890977396421,72.74106172245315,57.51255072470962,39.355458782062684,NA,33.37398865955015,53.71495683977023,8.831427044562034,95.05871293147197,65.15732298904871,96.90029062633727,96.21051659726861,94.77074898139729,100,62.919662880724026,78.00970024353535,40.82935023637323,68.54291750686733,98.19359851754034,26.587353358031162,93.94193382801345,77.87799678916781,35.84848994724727,7.889084186797146,30.99782957170627,99.72945476529004,20.15149572312237,90.46185262825976,98.78169043195629,NA,100,48.2540242591736,65.50209167507545,17.896159011425617,84.05570457825273,52.06343623796117,44.04655775189828,65.97613478637602,70.0985272097808,27.507853214901413,96.82808976448129,50.64146366796527,29.755044431925427,44.19285414088531,9.587967216296068,97.9746251908992,16.802116142019543,18.42142858117667,44.84416738807708,54.77072839246326,97.51001326599322,63.674885364040456,38.403389332251116,97.66130470879003,16.339160177872436,90.22125333378224,76.99518009902162,33.743381603392855,100,82.65110736513364,97.93690854551654
2010,55.43763996987227,43.74499110335923,22.37950446770325,11.125699185502146,91.87455716727094,7.62143548793679,NA,75.4443110165541,29.425297582168565,62.68951696273276,NA,25.65242212178598,83.86443990019514,48.78720488882481,81.89604642973501,63.50577189324128,54.28835894538653,55.62741976283267,23.841463431109723,100,66.17863944556093,60.15244422123107,10.81850854859594,2.3220510209153167,88.08561710975648,6.804629808318163,100,48.35308682133219,40.53105709184508,26.944917209675168,67.7139298795658,43.77599065169366,47.763688349959764,NA,18.746549422517976,46.833701610003544,5.4984901661036645,96.27551387963952,68.42541627905663,98.95791391589458,94.61611790928531,98.44239495485725,98.07232391929276,68.82858284533812,69.35160781862886,42.42804142921166,69.61370987964924,91.9618291194756,18.866570997724196,71.12808372106726,67.3308487311689,27.80930276250325,4.09901265589907,37.903059450699715,94.0480553389639,12.165686599332693,83.08222858176512,99.08083809220854,NA,100,45.6957953204006,57.04857322336089,15.973045406175002,73.65167967179515,42.936390461190484,25.84147636962546,73.5251179840132,60.30243244920174,27.873158937714294,86.54976147719935,51.554562481879806,28.12334726267094,30.4579033199063,12.458685880792375,100,10.70128952145961,21.010187749813582,32.631119121987105,72.00701285063842,95.31731941582578,76.80314796298863,35.7428065272112,98.62268315962483,12.305530120110319,61.041574641569504,77.7939855021018,30.998617126297244,99.49947728579045,93.0482016178479,87.90563400487554
2011,55.509975010363405,32.499091398867705,19.01126655376377,13.46400491139017,99.48544464020948,8.720350645748065,84.31004291425485,58.19731366313394,30.284781616285116,60.627873355644,NA,19.06066352623137,85.77657988101201,39.46384390900932,84.78730828025756,78.13012602767375,38.33229701378664,72.2892543441139,22.644477527911654,100,95.62379493465464,38.06794765235776,9.080010106515978,2.35648528559681,NA,6.12413933914282,100,57.39174809172428,27.75640858256554,30.367499616081307,69.73611386842202,55.853986535198544,37.02652065102341,NA,11.530039621029998,47.22088027546971,5.830923083652095,100,64.62220396513187,100,96.03619888771098,94.54706672155639,98.40688007911065,39.00220923571345,72.35567802610589,41.3560701408771,61.62681442946205,84.60222420886366,21.161662832585847,84.04083804398759,73.33247839678634,35.33762907264815,3.1718837451673587,32.596627302694614,93.33562481169376,11.73498541874045,97.5198764927783,91.01471959748507,NA,99.32766973788226,72.35796983643381,51.61264546223212,16.768149084913198,93.18438922391601,37.072148167958986,32.748957051591546,99.82660605602382,64.0608805248657,21.683743211079765,74.20572906954165,NA,28.275443137506308,32.607775465489986,8.00156101441849,97.47421216864029,9.254181315614819,22.56492385182708,28.745667846219735,50.9209244149048,100,91.59542249442805,55.16432098662625,99.3152277485637,12.132073932962594,35.757799940154946,80.11406041802428,23.21851273614257,95.96894509854769,95.97549492218572,96.04957669000193
2012,61.58233383475146,72.77110292808447,27.015873423854252,12.52638625348611,92.43043547224096,16.682104075465844,79.1951191876507,38.44331017912743,47.079511022094266,67.36029058625877,NA,27.19897927124062,90.27565309649476,38.83129563334361,84.51995890383253,76.35241447718425,49.353798799695056,89.65013019188828,39.911832032713555,99.52702936819641,98.61425470134037,51.40731570605651,11.755621991197563,4.620512008959244,84.944761477518,6.776868262003122,100,76.7088484243321,40.40081731667917,33.751467370883546,75.30401937779688,63.71941731813951,45.0918629102547,100,25.298287157373277,61.69249455946081,8.763226308374561,100,63.52369064088236,96.67516988361403,99.3784092911294,98.14906349615406,100,44.28331600670371,92.5371707260798,51.716452644152234,71.84694484148496,97.11136306812517,38.64777315508046,78.90018072028909,80.9705460628754,32.44499958864382,5.667362680211651,47.38316065000531,95.5591068025417,19.59816204575844,96.9349449178858,96.06895877274923,NA,98.34634222385358,50.51563905206752,59.59917878752916,48.011164110281634,95.08778396181093,46.8192066190315,34.84363709328198,91.47619091247357,74.32422001096413,37.080038020256765,89.11107548973018,NA,38.27097679116046,33.79648832303622,19.071577302504362,100,17.18881294392277,11.244190705791478,46.66806932476841,58.07657332958581,100,74.73820225736226,52.65900866500311,100,13.899091649966822,41.95653998309204,83.14191507002958,36.97253524423218,100,97.81047612930116,100
2013,70.690736110257,89.02394011648505,52.39470727923682,28.05494399591809,100,32.63670942076371,91.65222343436467,72.61841805277429,67.00565035452203,76.254791843389,NA,47.69773520521379,92.12724040909926,60.94298888216504,81.27908301689422,89.71609917742146,74.71245056855318,95.69710620263372,54.87497297852513,NA,94.42391842321439,72.36636688911705,24.19636377692823,7.524364920631821,96.1616982247912,14.40524424275209,100,82.48409805304931,56.388094339609715,65.28073098069514,89.18090964436502,72.45208458592617,64.24341402005953,98.32287624839711,48.87070735340704,71.67403429414959,20.855373286324586,99.99929816279266,84.65231275146982,100,99.7214450518915,NA,100,69.659037647474,91.69875709234243,76.15269243939743,72.47506773637792,98.01041749550872,52.17627596645199,86.31417274810427,89.71850209739746,53.544605164776925,10.942889210344308,73.36944565470286,94.6705107273393,33.96050852848597,95.32050982990813,98.73048272128156,88.01856419157716,96.1451089401567,70.98562362609042,65.76671048927439,38.112496819355734,95.58108747900432,64.40997545037878,50.0063790859533,93.93947816378396,82.77279201834043,46.883694115466255,86.18522101438401,NA,56.8164011390488,54.82750532499905,18.359909851095058,93.83121416893871,19.428112914722206,27.48293352565848,48.75494981184183,66.00670760886503,100,84.93776145617183,64.57801323043756,100,22.78365602924245,63.63851540199717,90.3821710705156,59.19185446226134,99.83130623509562,92.9333067514985,99.48484774826632
2014,74.86118356149095,88.97266586885098,59.55770260786548,35.55842928713688,99.09027055663128,25.500521318176105,97.85613541656815,80.09344411986628,76.8388714818867,99.88100614884438,NA,61.113394031994105,85.8809362636159,52.69317730502527,95.81186762711073,98.94353634243744,94.41616473501338,96.29655483519885,52.86284661298536,NA,92.98553681795192,81.69122971275833,23.14419328151931,10.053856874759093,83.18760018651703,18.258887523482436,100,80.47195467557145,60.5200027187487,76.42798346598009,97.81143020629558,75.75870783599335,68.86446780636297,97.96487665914931,51.543178742117824,78.93743128758722,21.56705830914476,97.51446141786388,79.66767192329321,100,100,NA,100,75.54956867746816,100,58.078012250295195,97.56421909831367,98.2617486900749,50.96985691203288,98.56313565932362,100,60.26797321851871,17.98298801761542,75.70544586548912,91.28475111516491,53.1341105975195,79.3949624682826,100,100,100,88.37346753543875,74.67183980433884,36.18531334530402,83.2183139616855,69.44392495448584,70.16424946207673,74.56071471344158,95.0975305764616,55.59602593145111,99.37526320206035,NA,48.79871326030225,64.66707167635172,18.57711806835447,100,32.926602770108836,29.477550737262813,68.25401987697164,85.22761750811915,100,94.27823815826534,68.76688401456042,100,25.620268128147305,80.5576965832894,78.04222695241636,66.82512493143395,100,100,100
2015,67.92323208079401,74.02517345959095,48.905134883037945,29.54616071181253,100,20.59823716603846,95.88256765084893,62.36464915237124,59.29909795411291,85.6066765355616,NA,47.80168599373188,77.84484040562688,41.47582727496152,82.42677279086251,88.29288826112301,80.60496241833071,90.28956054626977,41.663117794703886,NA,92.95010804218458,77.52057119399552,19.846630915078446,5.656301234963035,88.20709508632812,14.555315755956077,100,83.28233312321561,63.71942446162271,69.59456549854491,89.38432451332677,66.91896636636557,58.73296718783572,90.86272977491868,42.050844010180995,68.32874362008651,12.557370608892171,100,71.27193221175266,98.12267627500698,100,NA,97.63219751860697,42.740497322372796,85.8730499728044,59.933078019503995,78.08997123135791,95.56277455135901,38.074576941726,86.5086358929582,93.30884564841637,52.73920261182135,10.381049320077661,77.05528218604177,97.66432235647285,42.2134528882676,77.9742615754475,87.41283148930619,97.7354314158575,96.93962806406917,65.70964978714542,59.06434071886119,26.74006915438013,80.85477552266734,72.22231260694446,49.91044787622078,77.99042586191824,87.39859538594119,41.132712205143605,88.35938733582189,NA,53.52397927158534,56.48071836540266,16.792510163188624,96.88169534107949,27.596524748290673,33.70548796630932,45.38593306118739,61.17841315408431,99.5386295819177,83.98960795456401,74.72282635185852,89.63394991572447,22.127609000983018,80.6652825327928,77.00609470036312,60.4770562822946,100,88.04905165926493,98.30729847584894
2016,61.06333912459031,51.10257474782978,40.251000735454426,19.158837289634146,NA,25.769535709964675,98.90017587352298,41.0968509615985,52.07593909093152,79.26653200178137,87.90995975459084,26.008794504397514,75.36966227527951,38.2580015124964,82.39634467595087,91.9796614744487,69.31153488920344,74.27699971382468,45.628747149179794,NA,100,77.54501057153747,24.455395917587673,4.310737715603851,50.03283433120269,11.365185782556342,100,52.41490750042207,42.7915612856326,43.73416940992778,71.66600141145288,57.334721529489755,65.95711445432144,NA,31.728735064634627,48.31077525928671,15.099693846673256,98.80677774708876,60.48189032174241,95.27093488606873,98.83262832580905,NA,100,43.17339361395967,87.658456187067,46.32656862765378,75.85190177128733,93.84694249731959,37.8645016707826,NA,88.97784089284896,25.459812820672177,7.221690563442051,47.92156801057974,100,28.114023887806262,89.87368581717196,94.39494017824312,100,99.09649234007463,64.75415185582757,65.31248717177547,18.113619028665752,76.67657935488386,54.89794568750431,30.80034523089309,76.8922633557617,81.48556517553126,36.12587581035377,91.69164004768619,NA,25.332522944181378,33.78048449619053,13.46944681459561,98.85408824233083,20.844398518749486,20.41630591161131,45.169379731653024,68.13299148458393,100,78.2995385273917,64.55059531409574,100,13.489858985759295,68.68160438177094,67.40863882539236,42.19825352940292,100,96.19652031436745,100
2017,75.12404174684866,79.98900485515999,66.20635836170872,37.72698544423535,NA,35.4476500247721,89.5529796778067,39.947498673077355,81.00569461142645,82.39650070321466,90.30462703545597,67.81623490718493,97.18006246032637,72.74559290777745,93.21854234939147,95.42758961293254,84.78889646324888,81.47529774856605,59.146227584376255,NA,95.14422532705348,78.72090981970891,33.71429705795548,11.508775903684288,84.22255139396279,25.172577379431594,100,79.9558749069168,67.39302505039134,69.56664121058368,91.05486534270693,78.57803280556689,84.3264287073344,NA,51.89848667914146,66.46198490579145,23.967147219879003,100,77.85641975633827,100,100,NA,99.43071958005748,78.38660973002663,87.24555756195782,74.50822974494524,77.10245509184543,100,66.82174687157779,NA,97.39630376990922,30.318745077282106,16.475875408750106,75.21570894234021,100,56.60454581695929,98.25699551280789,100,99.77452521522446,98.51990152528971,73.66767788797922,88.47909960242126,42.63329610077056,97.15420420403379,79.29684166627645,64.15332802528286,91.64074805407603,83.54906447783284,63.80299642648492,91.42142096469047,NA,61.96214043391747,66.72410190974671,29.338899378959617,100,32.0055968170317,39.00268265618618,57.61545934016121,81.89527996105936,98.19057409807768,96.58100861610251,81.55089254194908,100,38.77859725858048,76.56729475882489,97.46006790820059,73.50618140772012,100,99.10102052272849,99.2410832332629
2018,68.43437434639034,73.55506315024837,49.03113959902375,30.766951543948927,NA,34.273745493581984,100,65.77930007644115,77.97298109494959,67.70539932194261,76.31441439456967,49.956532956926104,87.31557067940437,48.777715023710975,58.994685578390346,95.68179539722288,69.83473431031506,92.40773403513192,48.39287158337802,NA,99.075130196635385,72.59705043141544,29.939590973430185,11.053937961127168,71.30438534370155,16.395323310766095,98.84861607192919,67.64145134952545,44.37477222897552,58.04607870911715,99.47278074366065,66.77982703993906,72.16905002622835,NA,50.041376578556594,59.04260795390345,24.105377015998,100,54.09422833885051,99.99242767798852,100,NA,97.46007269577358,69.4800641619632,93.29644772080076,62.998361960111716,89.80550376492542,86.10755518614523,66.19032582375611,NA,88.48527695442662,36.47671666037648,12.421078579249222,61.79654276600528,96.86823506769076,41.23566001353134,97.86138569105736,100,98.2419610508902,96.18073362205995,53.06687344440546,80.05738356007657,33.82252603431118,91.03318094959775,86.30939343613005,66.51790962906713,90.74369409452959,87.46262896964565,35.955611053791756,93.9562574121832,NA,40.77517172313194,39.734468107848755,17.125794225826642,98.78188069086379,22.440693746068664,25.732467264150504,37.20769524554323,67.7835408887792,100,89.81495629662494,84.0927029496875,100,21.169539251473324,70.30389799328817,88.63004352812503,56.40085844325272,98.76072168720555,85.73261221509291,100
