Country,Year,LHS_div_r,TED,VIX,SENT,FEDFUNDS,INTERNET,ERM,Euro,US_bond_spread,Credit_to_GDP,Market_cap_to_GDP,Num_public_firms,Trade_to_GDP,Turnover_Domest_Total,Agg_Fin_Risk,Agg_Econ_Risk,Agg_Pol_Risk,REIT_Liq,Dev_PC1
Australia,1986,100,0.86,NA,1.20774,6.81,NA,0,0,1.39,40.3347020223,65.4481073011,1162,33.0814689743,18.994977031,35.25,31.39,81.17,0.245210728,-1.40009000443867
Australia,1987,92.233942164,1.41,NA,0.0861263,6.66,NA,0,0,1.36,42.8009853766,81.5051358359,1427,32.5670457921,37.2517770518,33.63,27.79,77.58,0.297780656,-1.66030487740997
Australia,1988,91.8058253665,1.31,NA,-0.246703,7.57,NA,0,0,1.19,46.7186368608,58.290169664,1393,32.6044154123,29.7609542418,34.83,27.88,79.66,0.307701677,-1.27104934733451
Australia,1989,94.5283352012,1.18,NA,-0.0558675,9.22,NA,0,0,1.03,59.2415530544,46.793661263,1258,32.1054517616,31.0280359848,35.96,24.8,78.59,0.309743105,-1.40120477545221
Australia,1990,100,0.79,23.06,-0.2267458,8.1,0.049343084935042,0,0,0.95,60.5565137461,34.6586326137,1089,32.2151332599,37.2314252607,37.46,21.33,76.25,0.274831704,-1.13366238892293
Australia,1991,99.0222756955,0.61,18.37,0.1842355,5.69,NA,0,0,1.41,60.0984009879,44.4147646037,968,32.2450197861,31.5359964536,39.09,24.11,75.42,0.254466741,-1.15309646549452
Australia,1992,85.7687986551,0.4,15.45,0.7072105,3.52,NA,1,0,0.93,61.8283000156,41.4971749477,1038,33.0967324521,31.1167697102,38.93,25.77,78.66,0.231994347,-1.06226517379272
Australia,1993,98.6733436405,0.31,12.69,0.7764879,3.02,0.251846904392612,0,0,0.76,63.2317296078,65.4547245229,1070,35.428021297,32.6318331694,36.3,25.71,80.58,0.179316079,-0.936870919693205
Australia,1994,100,0.5,13.93,0.4535778,4.2,0.44703068563943,0,0,0.73,66.6842696004,67.7146533989,1144,36.4305130455,45.5021787613,35.34,27.75,81.34,0.187293798,-0.866147504333573
Australia,1995,100,0.55,12.39,0.3257557,5.84,0.777442482500118,0,0,0.62,69.7309969566,66.5645564535,1129,37.685578958,40.0448653247,34.87,30.08,82.49,0.231242431,-0.810874918890657
Australia,1996,99.3964140797,0.51,16.44,0.8705939,5.3,1.32595247753488,0,0,0.66,71.4118527449,77.7656110748,1135,38.1723495935,46.39184545,35.47,28.83,84.58,0.255039655,-0.606917241669693
Australia,1997,53.6871574125,0.68,22.36,0.6336278,5.46,2.04243902865752,0,0,0.67,75.2402010602,67.8208987316,1159,37.9046238107,50.7874361441,36.46,35.2,88.24,0.211871395,-1.00444607195417
Australia,1998,79.1184860163,0.79,25.6,-0.1820838,5.35,3.14158554724959,0,0,0.58,79.089996437,82.2776034476,1162,39.9237182598,47.2849325787,34.63,41.42,83.33,0.139830027,-0.375482015243296
Australia,1999,88.1622357863,0.77,24.37,0.2703665,4.97,4.63877597122674,0,0,1.05,84.1637095652,109.9419754409,1217,38.9587761675,46.4684358955,34.51,39.19,86.92,0.169937036,-0.729066191190521
Australia,2000,91.5630669373,0.71,23.32,2.253173,6.24,6.74323018871102,0,0,0.55,87.6885437216,89.733482008,1333,40.855914076,57.195960722,34.05,41.75,88.84,0.193613565,-0.508590961640543
Australia,2001,90.3526856044,0.38,25.75,0.9678661,3.89,8.07706329262291,0,0,0.78,88.5292787115,99.0052594727,1334,44.0666419278,64.1297026032,34.21,39.67,87.34,0.186282712,0.327493803544242
Australia,2002,89.8578909658,0.19,27.29,-0.4090234,1.67,10.5489331933289,0,0,1.32,91.4859522996,96.3133527793,1355,41.2807533001,76.5472115595,36.17,40.88,88.04,0.238166389,1.12866971243429
Australia,2003,97.6174390352,0.21,21.98,-0.6446413,1.13,12.234763211745,0,0,1.18,99.3228172393,125.4205067859,1405,39.9246744271,72.015080909,35.83,41,85.92,0.169305582,0.442089675124108
Australia,2004,66.5931287627,0.25,15.48,0.1812333,1.35,14.1273630392821,0,0,0.9,102.8340919955,126.5881406009,1514,36.6897505158,70.1855207212,35.34,41.5,87.67,0.162165501,2.03592640046581
Australia,2005,74.047675943,0.41,12.81,0.3537202,3.21,15.7291032917782,0,0,0.66,108.7382223373,115.891673419,1643,38.8264551469,76.2012819614,36.17,40.25,88.34,0.131452661,2.19550114460199
Australia,2006,76.9013461445,0.47,12.81,0.5309572,4.96,17.4925263247273,0,0,0.95,113.7297363584,146.5888291121,1751,40.9792900653,78.3809354271,35.92,41.63,86.97,0.102457894,2.30486121414367
Australia,2007,65.188370952,0.94,17.54,0.4169228,5.02,20.4254798468558,0,0,0.94,120.6872337335,152.0694352284,1913,41.36807548,105.7724510378,35.54,41.59,86.5,0.090229731,1.57424076913519
Australia,2008,60.2226983329,1.55,32.69,-0.674186,1.93,22.9505607103817,0,0,1.21,121.7980862554,64.8013827957,1924,42.0872253266,122.7911773375,33.37,40.41,87.17,0.069045155,1.62272261511741
Australia,2009,74.6222236735,0.54,31.48,-0.6780831,0.16,25.3563448209684,0,1,3.09,122.717685499,136.1035882082,1882,44.9176513563,66.683166003,30.97,36.88,87.8,0.087078321,2.52073737853697
Australia,2010,54.8372726222,0.21,22.55,-0.2242614,0.18,28.7336041746693,0,1,0.99,125.8538143772,127.2657389489,1913,39.8385212268,77.7823777847,32.96,38.01,86.09,0.14380732,3.09204230118688
Australia,2011,48.9509377771,0.28,24.2,0.0085686,0.1,31.1245061341395,0,0,1.05,122.870864411,86.1660025696,1983,41.2245948433,94.1825035534,33.58,38,82.13,0.13546819,1.76430954023503
Australia,2012,72.3716548766,0.34,17.8,-0.2071169,0.14,34.1934316686336,0,0,1.38,121.9111427685,90.162458926,1959,42.6449363529,65.3026710517,34.13,39.62,81.92,0.14696842,2.36895515478271
Australia,2013,,0.21,14.23,0.0973709,0.11,36.7246385665545,0,0,,,,,,,,,,,
Australia,2014,,0.2,14.18,0.0579681,0.09,39.7719529967335,0,0,,,,,,,,,,,
Australia,2015,,0.26,16.67,-0.0884614,0.13,42.9629588914388,0,0,,,,,,,,,,,
Australia,2016,,0.43,15.83,-0.2060358,0.4,45.6732900276397,0,0,,,,,,,,,,,
Australia,2017,,0.33,11.09,-0.0388482,1,48.565130757136,0,0,,,,,,,,,,,
Australia,2018,,0.37,16.64,-0.2820873,1.83,,0,0,,,,,,,,,,,
Belgium,1986,NA,0.86,NA,1.20774,6.81,NA,0,0,1.39,25.7577037973,30.9434834197,191,111.494314343,12.8593168888,36,41.01,81.58,NA,-0.684872255312513
Belgium,1987,NA,1.41,NA,0.0861263,6.66,NA,0,0,1.36,27.5776580212,27.7294892526,192,109.105393573,19.3274169356,36.42,41.27,80.34,NA,-0.548002369911091
Belgium,1988,NA,1.31,NA,-0.246703,7.57,NA,0,0,1.19,30.5700753766,36.0279265503,186,115.5596496657,14.0135287198,36.5,36.71,76.75,NA,-0.496015259993953
Belgium,1989,NA,1.18,NA,-0.0558675,9.22,NA,0,0,1.03,35.5185610959,45.3518754341,190,124.0116460326,11.3429045278,37.17,34.53,80.51,NA,-0.478864290768487
Belgium,1990,NA,0.79,23.06,-0.2267458,8.1,0.049343084935042,0,0,0.95,35.2964663267,31.7050628855,182,120.569413392,11.132148667,37.04,34.01,81.25,NA,-1.95942312776573
Belgium,1991,NA,0.61,18.37,0.1842355,5.69,NA,0,0,1.41,36.6834900288,33.6015245101,183,117.7125199917,9.5073797417,36.72,32.66,80.09,NA,-1.92444444637969
Belgium,1992,NA,0.4,15.45,0.7072105,3.52,NA,1,0,0.93,75.0534955205,27.1586503036,171,114.2154647051,12.1220062741,39.01,30.68,78.17,NA,-1.88067532476701
Belgium,1993,NA,0.31,12.69,0.7764879,3.02,0.251846904392612,0,0,0.76,74.1339773673,34.5140054193,165,108.2014288934,13.5380200993,38.46,28.73,77.84,NA,-2.01019636867846
Belgium,1994,NA,0.5,13.93,0.4535778,4.2,0.44703068563943,0,0,0.73,72.5964764715,34.1700324771,162,112.3886930168,15.4440471123,39.21,26.51,76.83,NA,-1.92655045692132
Belgium,1995,100,0.55,12.39,0.3257557,5.84,0.777442482500118,0,0,0.62,71.4455715821,35.0254279128,150,115.5111144715,14.9830969109,40.08,31.45,79.01,0.276923077,-2.55342552388159
Belgium,1996,98.7672801114,0.51,16.44,0.8705939,5.3,1.32595247753488,0,0,0.66,73.4995082806,42.2245380588,143,118.0604051088,18.4150144985,40.92,34.64,82.83,0.369252721,-2.40971086389576
Belgium,1997,100,0.68,22.36,0.6336278,5.46,2.04243902865752,0,0,0.67,74.0403762197,53.7389285716,138,124.3666166598,20.7888484899,39.38,38.23,80.75,0.288257255,-1.52227692567104
Belgium,1998,99.5036900347,0.79,25.6,-0.1820838,5.35,3.14158554724959,0,0,0.58,NA,93.6437427779,156,123.4841571069,24.1605603722,39.92,43.13,80.25,0.252167109,-1.36061576514773
Belgium,1999,99.4730578325,0.77,24.37,0.2703665,4.97,4.63877597122674,0,0,1.05,NA,70.7662532597,278,123.9970355327,27.4592825686,38.38,41.85,77.92,0.261618096,-1.18810651692774
Belgium,2000,99.5035893601,0.71,23.32,2.253173,6.24,6.74323018871102,0,0,0.55,NA,76.703130023,265,141.0789940439,21.1442678923,36.79,43.93,78.09,0.298694495,-0.673084310079708
Belgium,2001,93.5892010608,0.38,25.75,0.9678661,3.89,8.07706329262291,0,0,0.78,65.9367616296,69.7283370581,275,138.6947491986,22.7779888208,38.88,43.88,84.58,0.253377599,-0.392437426194294
Belgium,2002,100,0.19,27.29,-0.4090234,1.67,10.5489331933289,0,0,1.32,63.7111228255,49.2762076804,256,135.1247886863,29.9222007869,39.21,42.46,86.75,0.230398606,0.577053966112577
Belgium,2003,100,0.21,21.98,-0.6446413,1.13,12.234763211745,0,0,1.18,62.2130152811,54.404632557,250,131.9901499096,23.8287903692,40.09,42.63,86.0399999999999,0.195051315,0.735596574030411
Belgium,2004,81.1274011971,0.25,15.48,0.1812333,1.35,14.1273630392821,0,0,0.9,61.451034612,73.674378268,235,136.037842597,27.4861479021,41.37,42.51,85.58,0.157248375,1.35163633596334
Belgium,2005,72.1861113505,0.41,12.81,0.3537202,3.21,15.7291032917782,0,0,0.66,63.3030586135,74.4724783682,222,143.3763215092,36.9253773541,41.29,42.38,83.88,0.113195573,1.41629865576573
Belgium,2006,78.8209581725,0.47,12.81,0.5309572,4.96,17.4925263247273,0,0,0.95,65.5292014376,96.6703984556,205,147.6939466482,34.140438879,40.55,42.14,84,0.135745681,1.58551047652597
Belgium,2007,55.1082825384,0.94,17.54,0.4169228,5.02,20.4254798468558,0,0,0.94,68.2266117031,81.7157977692,175,151.1634316083,60.0617181132,40.92,43.26,81.54,0.084262661,1.88300725390018
Belgium,2008,48.2120480681,1.55,32.69,-0.674186,1.93,22.9505607103817,0,0,1.21,62.346568154,32.2425651483,171,158.9079437167,114.0517122703,40.33,42,82.12,0.098695872,1.92618604812977
Belgium,2009,45.5342337898,0.54,31.48,-0.6780831,0.16,25.3563448209684,0,1,3.09,58.2904458672,53.6099798682,165,136.3566249308,47.4417344854,39.17,36.71,83.8,0.094219621,2.09883185930088
Belgium,2010,29.9751983776,0.21,22.55,-0.2242614,0.18,28.7336041746693,0,1,0.99,56.4964215381,55.5737806063,161,151.1001065459,39.9730372492,39.42,37.25,83.09,0.08086203,2.28117171469193
Belgium,2011,27.4834330262,0.28,24.2,0.0085686,0.1,31.1245061341395,0,0,1.05,54.9622005454999,43.513729197,151,162.7539527203,45.0244362865,38.83,38.71,80.79,0.072422596,2.4963718091763
Belgium,2012,32.3566659447,0.34,17.8,-0.2071169,0.14,34.1934316686336,0,0,1.38,54.551483871,60.158006084,147,163.9950967742,33.6960449075,35.5,37.14,78.42,0.088478313,3.04944896908941
Belgium,2013,,0.21,14.23,0.0973709,0.11,36.7246385665545,0,0,,,,,,,,,,,
Belgium,2014,,0.2,14.18,0.0579681,0.09,39.7719529967335,0,0,,,,,,,,,,,
Belgium,2015,,0.26,16.67,-0.0884614,0.13,42.9629588914388,0,0,,,,,,,,,,,
Belgium,2016,,0.43,15.83,-0.2060358,0.4,45.6732900276397,0,0,,,,,,,,,,,
Belgium,2017,,0.33,11.09,-0.0388482,1,48.565130757136,0,0,,,,,,,,,,,
Belgium,2018,,0.37,16.64,-0.2820873,1.83,,0,0,,,,,,,,,,,
Bulgaria,1986,NA,0.86,NA,1.20774,6.81,NA,0,0,1.39,NA,NA,NA,83.5035643944,NA,29.08,20.56,64.83,NA,NA
Bulgaria,1987,NA,1.41,NA,0.0861263,6.66,NA,0,0,1.36,NA,NA,NA,83.4076531632,NA,28.46,20,63.84,NA,NA
Bulgaria,1988,NA,1.31,NA,-0.246703,7.57,NA,0,0,1.19,NA,NA,NA,91.4617513059,NA,28.04,21.39,68.5,NA,NA
Bulgaria,1989,NA,1.18,NA,-0.0558675,9.22,NA,0,0,1.03,NA,NA,NA,94.5789707725,NA,26.38,20,67.92,NA,NA
Bulgaria,1990,NA,0.79,23.06,-0.2267458,8.1,0.049343084935042,0,0,0.95,NA,NA,NA,69.8470608452,NA,22.05,14.45,64.07,NA,NA
Bulgaria,1991,NA,0.61,18.37,0.1842355,5.69,NA,0,0,1.41,82.8032424466,NA,NA,82.6823876197,NA,19.13,13.05,62.25,NA,NA
Bulgaria,1992,NA,0.4,15.45,0.7072105,3.52,NA,1,0,0.93,74.8645418327,NA,NA,100.0498007968,NA,20.92,13.33,67.91,NA,NA
Bulgaria,1993,NA,0.31,12.69,0.7764879,3.02,0.251846904392612,0,0,0.76,66.4476413516,0.1108062897,8,84.0414854466,18.3333333333,26.12,14.83,69.5,NA,NA
Bulgaria,1994,NA,0.5,13.93,0.4535778,4.2,0.44703068563943,0,0,0.73,49.2479071537,0.4980707763,13,90.720129376,4.5548654244,29,17.01,68.5,NA,NA
Bulgaria,1995,NA,0.55,12.39,0.3257557,5.84,0.777442482500118,0,0,0.62,40.0181349688,0.445059474,15,101.8271664567,7.2239422085,31.54,21.11,71.67,NA,NA
Bulgaria,1996,NA,0.51,16.44,0.8705939,5.3,1.32595247753488,0,0,0.66,61.6676017244,0.055393967,9,104.3680075709,173.0357142857,31.34,22.42,73.92,NA,NA
Bulgaria,1997,NA,0.68,22.36,0.6336278,5.46,2.04243902865752,0,0,0.67,8.6380189072,NA,0,87.3932411117,NA,19.79,18.12,71.33,NA,NA
Bulgaria,1998,NA,0.79,25.6,-0.1820838,5.35,3.14158554724959,0,0,0.58,9.1892692324,0.9864004428,18,79.1500960073,101.2402993348,27.91,27.38,76.17,NA,NA
Bulgaria,1999,NA,0.77,24.37,0.2703665,4.97,4.63877597122674,0,0,1.05,11.5906461955,0.759462932,28,90.9577696696,5.6590886916,36,36.07,73.75,NA,NA
Bulgaria,2000,NA,0.71,23.32,2.253173,6.24,6.74323018871102,0,0,0.55,12.0444451784,0.9818149238,23,78.3236193653,3.1838252382,31.96,35.79,70.67,NA,NA
Bulgaria,2001,NA,0.38,25.75,0.9678661,3.89,8.07706329262291,0,0,0.78,14.3867925216,0.5815189921,404,79.3504901544,85.5231143552,35.54,34.96,71.67,NA,NA
Bulgaria,2002,NA,0.19,27.29,-0.4090234,1.67,10.5489331933289,0,0,1.32,18.8260628762,4.4109089818,351,75.4651411224,22.6012970456,35.88,34.21,73.92,NA,NA
Bulgaria,2003,NA,0.21,21.98,-0.6446413,1.13,12.234763211745,0,0,1.18,25.9814346282,8.3280603604,326,79.2771072987,6.62119969,35.84,35.09,72.16,NA,NA
Bulgaria,2004,NA,0.25,15.48,0.1812333,1.35,14.1273630392821,0,0,0.9,33.2250030774,10.745317328,332,93.2895451374,16.3394497049,37.25,35.47,69.21,NA,NA
Bulgaria,2005,NA,0.41,12.81,0.3537202,3.21,15.7291032917782,0,0,0.66,39.1258251437,17.053442254,331,99.8734424462,15.3664646592,37.08,35.21,71.04,NA,NA
Bulgaria,2006,90.6876827675,0.47,12.81,0.5309572,4.96,17.4925263247273,0,0,0.95,42.5437017112,30.0980501272,347,111.2914141737,18.0945804201,36.25,35.92,72.17,0.568807339,NA
Bulgaria,2007,99.7357517965,0.94,17.54,0.4169228,5.02,20.4254798468558,0,0,0.94,58.0237530165,48.4023344733,369,122.6138491633,31.310579915,35.25,35.59,73.0399999999999,0.107279693,NA
Bulgaria,2008,97.5235130042,1.55,32.69,-0.674186,1.93,22.9505607103817,0,0,1.21,66.6935012366,16.2446778434,404,124.266175932,14.8061690776,31.42,30.83,71.5,0.20610687,NA
Bulgaria,2009,90.0125171995,0.54,31.48,-0.6780831,0.16,25.3563448209684,0,1,3.09,69.2782369834,16.7102989486,398,93.1223384397,5.6290353709,29.55,28.67,68.24,0.55234259,NA
Bulgaria,2010,74.8588883624,0.21,22.55,-0.2242614,0.18,28.7336041746693,0,1,0.99,68.3077829637,14.5748971784,390,103.2073847625,5.1143111236,31.51,31.76,68.5,0.623814659,NA
Bulgaria,2011,70.2450695551,0.28,24.2,0.0085686,0.1,31.1245061341395,0,0,1.05,65.5758883097,14.3738789093,393,117.7619669157,3.899918214,33.96,35,66,0.526767223,NA
Bulgaria,2012,77.0411417492,0.34,17.8,-0.2071169,0.14,34.1934316686336,0,0,1.38,66.2663322412,NA,387,124.7763245549,NA,36.5,36.05,64.96,0.499938559,NA
Bulgaria,2013,,0.21,14.23,0.0973709,0.11,36.7246385665545,0,0,,,,,,,,,,,
Bulgaria,2014,,0.2,14.18,0.0579681,0.09,39.7719529967335,0,0,,,,,,,,,,,
Bulgaria,2015,,0.26,16.67,-0.0884614,0.13,42.9629588914388,0,0,,,,,,,,,,,
Bulgaria,2016,,0.43,15.83,-0.2060358,0.4,45.6732900276397,0,0,,,,,,,,,,,
Bulgaria,2017,,0.33,11.09,-0.0388482,1,48.565130757136,0,0,,,,,,,,,,,
Bulgaria,2018,,0.37,16.64,-0.2820873,1.83,,0,0,,,,,,,,,,,
Canada,1986,NA,0.86,NA,1.20774,6.81,NA,0,0,1.39,77.2310039088999,89.2585656135,1656,53.0824673467,16.9739962234,38.71,32.11,81.16,NA,-1.7157980912328
Canada,1987,NA,1.41,NA,0.0861263,6.66,NA,0,0,1.36,78.3036616625,94.037819641,1861,50.8698677801,22.9916918815,38.92,31.83,82,NA,-1.416750719883
Canada,1988,NA,1.31,NA,-0.246703,7.57,NA,0,0,1.19,80.471363755,88.0659462088,1856,51.3631464395,15.3930513217,39.66,32.11,83.16,NA,-1.44794537192165
Canada,1989,NA,1.18,NA,-0.0558675,9.22,NA,0,0,1.03,85.2694813057,96.1669032653,1813,50.0493254373,16.4484445348,41.08,37.39,87.17,NA,-1.76658829409059
Canada,1990,NA,0.79,23.06,-0.2267458,8.1,0.049343084935042,0,0,0.95,89.1588275274,77.2277822005,1763,49.9670272743,14.8524777545,40.84,37.67,86.25,NA,-1.18641098092735
Canada,1991,NA,0.61,18.37,0.1842355,5.69,NA,0,0,1.41,91.9615646983,83.3376556468,1649,49.2020770737,14.41810916,40.62,31.61,81.67,NA,-1.27289268478447
Canada,1992,NA,0.4,15.45,0.7072105,3.52,NA,1,0,0.93,93.7524004251,77.3057759822,1605,52.7174558217,16.531354194,39.38,31.51,80.41,NA,-1.0539337072894
Canada,1993,NA,0.31,12.69,0.7764879,3.02,0.251846904392612,0,0,0.76,92.4126520263,103.1785390482,1673,58.2448751558,22.3937861254,38.96,29.25,79.92,NA,-0.559925579935594
Canada,1994,100,0.5,13.93,0.4535778,4.2,0.44703068563943,0,0,0.73,91.0022330391,99.5809125026,1747,64.3982890589,27.1213514391,39.33,29.5,80.84,0.352941176,-0.61362874614226
Canada,1995,97.0725005626,0.55,12.39,0.3257557,5.84,0.777442482500118,0,0,0.62,90.1013663895,111.2098727848,1736,69.0974253685,27.302949879,39.5,29.33,80.83,0.321047658,-0.975118890778031
Canada,1996,100,0.51,16.44,0.8705939,5.3,1.32595247753488,0,0,0.66,94.9799480294,139.9733777547,1801,70.2995135486,30.1184837272,39.58,29.38,81.5,0.273277534,-0.730244442528821
Canada,1997,94.9894344733,0.68,22.36,0.6336278,5.46,2.04243902865752,0,0,0.67,98.9088418877,154.7898357815,1937,74.385055017,33.4443834949,38.42,35.78,86.16,0.194853478,-0.471133177459715
Canada,1998,91.3906847432,0.79,25.6,-0.1820838,5.35,3.14158554724959,0,0,0.58,97.6904105253,171.2416888445,1991,78.1588507354,32.9690329686,38.34,41.92,86.08,0.2288153,-0.394474403661084
Canada,1999,96.3815633793,0.77,24.37,0.2703665,4.97,4.63877597122674,0,0,1.05,97.0385960162,214.2161287615,1538,80.1939557333,27.1130788149,38.55,41.18,86,0.223116017,-0.386900186849626
Canada,2000,96.7988755554,0.71,23.32,2.253173,6.24,6.74323018871102,0,0,0.55,93.4353852574,103.8459307184,1507,82.857726011,81.5326260181,39,42.71,88,0.265550851,0.022584756403645
Canada,2001,93.788149732,0.38,25.75,0.9678661,3.89,8.07706329262291,0,0,0.78,173.2319133191,83.552800942,1278,78.4063200074,72.4809579494,39.5,41.46,89.88,0.166489585,0.418275538773189
Canada,2002,83.1945450299,0.19,27.29,-0.4090234,1.67,10.5489331933289,0,0,1.32,167.8561448465,117.2474311372,1252,75.7326903482,50.4639308492,40,42.75,87.58,0.112175971,0.543421394570769
Canada,2003,98.5057541482,0.21,21.98,-0.6446413,1.13,12.234763211745,0,0,1.18,162.0695698284,102.0002245571,3578,69.8434394533,55.6505444263,40.67,43.04,87.46,0.118061535,1.03435311216377
Canada,2004,78.9232895062,0.25,15.48,0.1812333,1.35,14.1273630392821,0,0,0.9,164.8740468968,115.0823436039,3597,70.180546854,59.9985899153,42.63,43.88,87.22,0.084708518,0.245759291041296
Canada,2005,88.668710085,0.41,12.81,0.3537202,3.21,15.7291032917782,0,0,0.66,172.7458631022,126.7519943013,3719,69.7098434188,62.8875623964,41.38,43.29,86.5,0.0840446,2.15244451142372
Canada,2006,82.0195528418,0.47,12.81,0.5309572,4.96,17.4925263247273,0,0,0.95,188.7536466455,129.2905915396,3790,67.981184916,72.7428079677,40.71,43.75,85.84,0.061749554,1.92933440297513
Canada,2007,66.6096179935,0.94,17.54,0.4169228,5.02,20.4254798468558,0,0,0.94,123.8577259312,149.2548938385,3881,66.1920443944,79.8059244148,40.08,43.25,85.83,0.060695632,1.82871034005087
Canada,2008,47.2067450793,1.55,32.69,-0.674186,1.93,22.9505607103817,0,0,1.21,124.4068668655,66.7246133831,3836,66.9242305903,145.3999988642,40.92,41.58,86.21,0.064099422,2.42728879258059
Canada,2009,47.2478112006,0.54,31.48,-0.6780831,0.16,25.3563448209684,0,1,3.09,NA,122.337311292,3727,58.3482468985,79.4611234608,39.67,36.59,86,0.076160408,3.16821473045734
Canada,2010,43.229788472,0.21,22.55,-0.2242614,0.18,28.7336041746693,0,1,0.99,NA,134.5672584597,3771,60.0607292686,64.7101726716,39.83,39.25,86.67,0.072854717,3.47260159608507
Canada,2011,41.6708357898,0.28,24.2,0.0085686,0.1,31.1245061341395,0,0,1.05,NA,106.9451379185,3980,62.3286223913,77.0597281532,39.75,38.83,87.7899999999999,0.064824243,2.64861120765815
Canada,2012,68.256570939,0.34,17.8,-0.2071169,0.14,34.1934316686336,0,0,1.38,NA,112.9192717759,4030,62.3971367253,65.4447335193,39.3,38.84,87.58,0.064485041,2.17979145392917
Canada,2013,,0.21,14.23,0.0973709,0.11,36.7246385665545,0,0,,,,,,,,,,,
Canada,2014,,0.2,14.18,0.0579681,0.09,39.7719529967335,0,0,,,,,,,,,,,
Canada,2015,,0.26,16.67,-0.0884614,0.13,42.9629588914388,0,0,,,,,,,,,,,
Canada,2016,,0.43,15.83,-0.2060358,0.4,45.6732900276397,0,0,,,,,,,,,,,
Canada,2017,,0.33,11.09,-0.0388482,1,48.565130757136,0,0,,,,,,,,,,,
Canada,2018,,0.37,16.64,-0.2820873,1.83,,0,0,,,,,,,,,,,
France,1986,NA,0.86,NA,1.20774,6.81,NA,0,0,1.39,75.6304477986,19.823128347,482,40.5758240468,36.0506740565,38.96,35.73,77.26,NA,-1.92878740019426
France,1987,NA,1.41,NA,0.0861263,6.66,NA,0,0,1.36,80.6369339874,16.5796763459,481,39.9735062984,57.4680362222,38.63,35.55,75.34,NA,-1.80617957060923
France,1988,85.0518947724,1.31,NA,-0.246703,7.57,NA,0,0,1.19,83.2541521268,21.7773995782,459,41.0756323135,28.8828797157,39.37,35.42,77.75,0.554545455,-1.59759786036389
France,1989,96.5063279913,1.18,NA,-0.0558675,9.22,NA,0,0,1.03,86.7374967547,32.8268248129,462,43.6753478651,32.7713035558,39.08,35.42,79,0.228626105,-1.38586974467179
France,1990,100,0.79,23.06,-0.2267458,8.1,0.049343084935042,0,0,0.95,91.6139639232,24.4402988802,443,42.4252357062,39.1789533143,38.75,36.5,79.42,0.27302597,-2.0781488811823
France,1991,100,0.61,18.37,0.1842355,5.69,NA,0,0,1.41,92.6064499685,28.0812013131,839,42.666929174,34.4684925885,37.67,33.22,78.76,0.395689901,-1.92179580205309
France,1992,84.3192094192,0.4,15.45,0.7072105,3.52,NA,1,0,0.93,92.9827689732,23.2380359259,786,41.6571886482,35.6621242669,38.55,31.24,81.92,0.451365402,-1.75638712398525
France,1993,94.5842908625,0.31,12.69,0.7764879,3.02,0.251846904392612,0,0,0.76,89.1592661967,34.282525619,726,39.5715270933,35.2165063215,36.8,27.04,80,0.373167624,-1.54155515362556
France,1994,100,0.5,13.93,0.4535778,4.2,0.44703068563943,0,0,0.73,84.7182426647,32.2851774308,218,41.4751189578,45.418661216,36.33,26.73,79,0.38363088,-0.945799503150131
France,1995,100,0.55,12.39,0.3257557,5.84,0.777442482500118,0,0,0.62,84.0197168718,31.0544736964,710,43.2720228382,42.2562378841,36.63,31.18,79.67,0.383595969,-0.931880245109312
France,1996,100,0.51,16.44,0.8705939,5.3,1.32595247753488,0,0,0.66,80.781813328,36.29660609,708,43.9365344136,46.0694163996,36.42,32.61,78.8,0.332361735,-0.683831513184117
France,1997,100,0.68,22.36,0.6336278,5.46,2.04243902865752,0,0,0.67,79.8078385804,46.1696807244,740,47.5813220962,58.3398634129,37.79,35.85,81.71,0.295057541,-0.275765428382869
France,1998,100,0.79,25.6,-0.1820838,5.35,3.14158554724959,0,0,0.58,NA,10.0049552381,784,49.0057227976,399.5853740396,39.08,41.75,80.74,0.256923896,-0.043892104175728
France,1999,100,0.77,24.37,0.2703665,4.97,4.63877597122674,0,0,1.05,NA,100.1783569962,1144,49.2330056478,48.1456753846,38.67,41.41,80,0.204381117,0.341958215656384
France,2000,99.8541573409,0.71,23.32,2.253173,6.24,6.74323018871102,0,0,0.55,NA,105.7142329779,1185,55.2593645876,74.6768906571,37.25,43.5,79.75,0.202760898,0.636235218190866
France,2001,98.9304057645,0.38,25.75,0.9678661,3.89,8.07706329262291,0,0,0.78,76.6590020283,84.9838959711,936,54.316667627,83.5038117315,39.22,42.83,80.04,0.189315767,0.928779441078554
France,2002,100,0.19,27.29,-0.4090234,1.67,10.5489331933289,0,0,1.32,75.763826469,64.4531536442,874,52.4155109051,106.7765232115,39.54,41.96,80.42,0.16093991,1.17426208148772
France,2003,99.9534080101,0.21,21.98,-0.6446413,1.13,12.234763211745,0,0,1.18,75.2595823475,73.3676543014,817,50.1319744625,81.3482805772,39.46,40.38,79.08,0.138792308,1.37957206390657
France,2004,95.8335319719,0.25,15.48,0.1812333,1.35,14.1273630392821,0,0,0.9,76.3151464846,73.4005317094,787,51.1967780402,84.9032782607,39.17,39.91,76.25,0.147330763,1.84423234346751
France,2005,94.2971400267,0.41,12.81,0.3537202,3.21,15.7291032917782,0,0,0.66,79.8741857969,79.7989857753,749,53.1520143027,72.3028472445,38.58,39.71,77.13,0.132423511,1.87556376841317
France,2006,71.749246686,0.47,12.81,0.5309572,4.96,17.4925263247273,0,0,0.95,84.0274499033,104.4404009712,730,55.1872450111,83.0052844973,37.88,39.16,75.59,0.146300226,2.30768552624903
France,2007,40.424033559,0.94,17.54,0.4169228,5.02,20.4254798468558,0,0,0.94,88.6179054002,102.8999413069,707,55.5477033618,105.6715966403,38.84,39.25,78.76,0.118201571,2.37762699768771
France,2008,27.6424215694,1.55,32.69,-0.674186,1.93,22.9505607103817,0,0,1.21,92.3642057269,50.3651161234,673,56.5238369617,163.4043184001,39,38.49,78.91,0.09642955,2.84943138534017
France,2009,30.2536161937,0.54,31.48,-0.6780831,0.16,25.3563448209684,0,1,3.09,94.9408385795,72.2460949941,652,49.5678480385,65.9808537023,38.54,32.79,78.75,0.098894603,2.69299470157901
France,2010,20.8912274333,0.21,22.55,-0.2242614,0.18,28.7336041746693,0,1,0.99,95.7317582704,72.218852512,617,53.9684390294,70.6337389206,37.96,33.17,78.01,0.062163753,3.18256525613873
France,2011,11.6313959267,0.28,24.2,0.0085686,0.1,31.1245061341395,0,0,1.05,96.7832994381,54.2832895251,586,58.1690043724,85.5851643767,36.37,36.24,75.5399999999999,0.057368619,3.32999667915437
France,2012,20.104316758,0.34,17.8,-0.2071169,0.14,34.1934316686336,0,0,1.38,96.6413807082,67.4340958959,562,59.2003848717,59.4228436478,35.55,35.71,72.71,0.084645232,2.44456619403487
France,2013,,0.21,14.23,0.0973709,0.11,36.7246385665545,0,0,,,,,,,,,,,
France,2014,,0.2,14.18,0.0579681,0.09,39.7719529967335,0,0,,,,,,,,,,,
France,2015,,0.26,16.67,-0.0884614,0.13,42.9629588914388,0,0,,,,,,,,,,,
France,2016,,0.43,15.83,-0.2060358,0.4,45.6732900276397,0,0,,,,,,,,,,,
France,2017,,0.33,11.09,-0.0388482,1,48.565130757136,0,0,,,,,,,,,,,
France,2018,,0.37,16.64,-0.2820873,1.83,,0,0,,,,,,,,,,,
Germany,1986,NA,0.86,NA,1.20774,6.81,NA,0,0,1.39,79.9079576923,24.7219667747,492,43.0857529999,58.922815266,0,0,NA,0.233716475,-0.89490664514197
Germany,1987,NA,1.41,NA,0.0861263,6.66,NA,0,0,1.36,80.2534404322,16.8924071432,574,41.8264475859,194.2691794528,0,0,NA,0.249042146,-0.850743337195668
Germany,1988,88.8108605639,1.31,NA,-0.246703,7.57,NA,0,0,1.19,79.5508491586,17.9712995432,609,42.6662605609,137.651004293,0,0,NA,0.203065134,-0.80968217930104
Germany,1989,100,1.18,NA,-0.0558675,9.22,NA,0,0,1.03,79.5199562974,26.202352413,408,45.3646253286,95.3112511996,0,0,NA,0.157692308,-0.771307184237352
Germany,1990,99.7994100662,0.79,23.06,-0.2267458,8.1,0.049343084935042,0,0,0.95,85.7770632577,20.1312879488,413,46.0141918466,152.6781118209,0,0,NA,0.256704981,-2.88807404426247
Germany,1991,99.0483687677,0.61,18.37,0.1842355,5.69,NA,0,0,1.41,87.371684938,19.9052256425,665,47.974553741,118.0694190284,42.33,33.78,83.41,0.287356322,-2.85646409369614
Germany,1992,77.8515543113,0.4,15.45,0.7072105,3.52,NA,1,0,0.93,88.639769612,15.4814808915,665,45.0500200552,130.8470632546,41.76,29.75,79.83,0.263358779,-2.32648420388082
Germany,1993,96.2598626858,0.31,12.69,0.7764879,3.02,0.251846904392612,0,0,0.76,93.7590094936,21.3528822864,664,40.6443052815,119.8961399331,39.67,23.78,74.5,0.187739464,-2.30634961155012
Germany,1994,93.558816529,0.5,13.93,0.4535778,4.2,0.44703068563943,0,0,0.73,96.414844909,22.6291763938,666,42.0729501882,120.936093239,39.66,24.84,78.17,0.261538462,-1.78688208879337
Germany,1995,100,0.55,12.39,0.3257557,5.84,0.777442482500118,0,0,0.62,97.7601504229,22.2784865102,678,43.5447210988,100.4781963405,39.25,30.33,82.25,0.319230769,-1.72829632270942
Germany,1996,98.6943262601,0.51,16.44,0.8705939,5.3,1.32595247753488,0,0,0.66,103.5185040141,26.5524045181,681,44.9967295153,22.5351129829,38.17,31.7,81.83,0.328244275,-1.6393069920436
Germany,1997,100,0.68,22.36,0.6336278,5.46,2.04243902865752,0,0,0.67,107.5461452352,37.1946050333,700,49.6010350314,119.7506351996,38.21,36.12,83.58,0.302681992,-1.47004893633619
Germany,1998,99.5221555179,0.79,25.6,-0.1820838,5.35,3.14158554724959,0,0,0.58,113.2890141328,48.7803170225,741,51.5828721206,134.2223995975,40,40.96,85.67,0.30651341,-0.842830863243384
Germany,1999,100,0.77,24.37,0.2703665,4.97,4.63877597122674,0,0,1.05,NA,65.0997601521,617,53.3694451978,91.3645935336,39.34,40.09,85.67,0.287356322,-0.49382273233076
Germany,2000,100,0.71,23.32,2.253173,6.24,6.74323018871102,0,0,0.55,NA,65.1422142764,744,61.3899965981,143.8493764938,37.87,42,87.58,0.392307692,0.011910531202963
Germany,2001,100,0.38,25.75,0.9678661,3.89,8.07706329262291,0,0,0.78,112.0403383011,54.9431936039,749,61.9777966374,121.3950372491,39.42,40.46,88.08,0.295019157,0.20958328258973
Germany,2002,100,0.19,27.29,-0.4090234,1.67,10.5489331933289,0,0,1.32,110.8673423729,32.9951245696,715,60.7730085231,127.0758139847,39.92,39.25,87.05,0.340996169,0.513064909166392
Germany,2003,99.382925676,0.21,21.98,-0.6446413,1.13,12.234763211745,0,0,1.18,109.5191164282,43.0622882347,684,61.5191344456,94.2776442582,41.2,39.62,82.87,0.340996169,0.729045040526856
Germany,2004,100,0.25,15.48,0.1812333,1.35,14.1273630392821,0,0,0.9,106.061736442,42.3700937482,660,65.856109785,98.8934755785,40.71,40.96,81.59,0.244274809,1.44163490824849
Germany,2005,97.91648107,0.41,12.81,0.3537202,3.21,15.7291032917782,0,0,0.66,104.8740905574,42.0120208421,648,70.4211903375,107.1482852177,40.71,40.71,81.99,0.15,1.65435179646051
Germany,2006,83.0012317118,0.47,12.81,0.5309572,4.96,17.4925263247273,0,0,0.95,101.7219262509,54.5425153104,656,77.0821685992,119.1271715483,39.71,43.38,85.55,0.092307692,1.83015751412224
Germany,2007,71.375306312,0.94,17.54,0.4169228,5.02,20.4254798468558,0,0,0.94,96.599913259,61.1984389527,761,79.3705311492,154.6095416344,39.92,42.75,86.84,0.158370369,2.09003613568123
Germany,2008,85.4669994286,1.55,32.69,-0.674186,1.93,22.9505607103817,0,0,1.21,96.4273501604,29.5967863015,742,80.9449046351,377.2479781571,41.88,43.64,86.46,0.105094789,2.29518981155461
Germany,2009,82.4174034998,0.54,31.48,-0.6780831,0.16,25.3563448209684,0,1,3.09,98.1856943112,37.8102229071,704,70.6650462549,138.3361360584,40.8,36.29,85.88,0.097732991,2.32671316747148
Germany,2010,85.9361439308,0.21,22.55,-0.2242614,0.18,28.7336041746693,0,1,0.99,87.9541948637,41.8401956337,690,79.303078223,104.5419958558,40.96,41.21,83.59,0.07898313,2.19550645995367
Germany,2011,49.9740025309999,0.28,24.2,0.0085686,0.1,31.1245061341395,0,0,1.05,84.5980200657,31.5219602902,670,84.7477359496,132.8496494251,41.96,41.72,81.42,0.05022624,2.35579862000241
Germany,2012,62.9908156543,0.34,17.8,-0.2071169,0.14,34.1934316686336,0,0,1.38,83.4136013284,41.9390958905,665,85.8747543741,84.0969498245,41.59,40.84,83.71,0.044330612,2.42202742214385
Germany,2013,,0.21,14.23,0.0973709,0.11,36.7246385665545,0,0,,,,,,,,,,,
Germany,2014,,0.2,14.18,0.0579681,0.09,39.7719529967335,0,0,,,,,,,,,,,
Germany,2015,,0.26,16.67,-0.0884614,0.13,42.9629588914388,0,0,,,,,,,,,,,
Germany,2016,,0.43,15.83,-0.2060358,0.4,45.6732900276397,0,0,,,,,,,,,,,
Germany,2017,,0.33,11.09,-0.0388482,1,48.565130757136,0,0,,,,,,,,,,,
Germany,2018,,0.37,16.64,-0.2820873,1.83,,0,0,,,,,,,,,,,
Greece,1986,NA,0.86,NA,1.20774,6.81,NA,0,0,1.39,36.6640805801,NA,114,42.6520449559,NA,28.88,18.75,58.42,NA,NA
Greece,1987,NA,1.41,NA,0.0861263,6.66,NA,0,0,1.36,33.905349992,NA,116,42.3183569569,NA,28.59,24,59.49,NA,NA
Greece,1988,NA,1.31,NA,-0.246703,7.57,NA,0,0,1.19,32.1193840252,NA,119,39.6132347161,NA,28.68,26.04,64,NA,NA
Greece,1989,NA,1.18,NA,-0.0558675,9.22,NA,0,0,1.03,33.0059478943,NA,119,40.7838553083,NA,29.17,25.05,61.5,NA,NA
Greece,1990,NA,0.79,23.06,-0.2267458,8.1,0.049343084935042,0,0,0.95,31.1397038588,NA,145,40.1283071274,NA,28.92,18.72,60.5,NA,NA
Greece,1991,NA,0.61,18.37,0.1842355,5.69,NA,0,0,1.41,29.3573525723,NA,159,38.5927873229,NA,29.71,15.13,65.17,NA,NA
Greece,1992,NA,0.4,15.45,0.7072105,3.52,NA,1,0,0.93,28.7092352432,NA,164,38.8225929412,NA,32.33,18.01,66.09,NA,NA
Greece,1993,NA,0.31,12.69,0.7764879,3.02,0.251846904392612,0,0,0.76,26.6531892461,NA,135,37.0258986063,NA,33.67,21.68,65.42,NA,NA
Greece,1994,NA,0.5,13.93,0.4535778,4.2,0.44703068563943,0,0,0.73,26.6407042617,NA,180,36.1631218935,NA,34.5,24.23,70.76,NA,NA
Greece,1995,NA,0.55,12.39,0.3257557,5.84,0.777442482500118,0,0,0.62,28.8759992174,NA,186,37.1078807984,NA,35.37,27.81,74.51,NA,NA
Greece,1996,NA,0.51,16.44,0.8705939,5.3,1.32595247753488,0,0,0.66,29.5958646328,NA,200,37.4962334395,NA,35.08,27.58,78,NA,NA
Greece,1997,NA,0.68,22.36,0.6336278,5.46,2.04243902865752,0,0,0.67,30.5052855204,NA,210,39.2742287485,NA,33.79,31.75,80.76,NA,NA
Greece,1998,NA,0.79,25.6,-0.1820838,5.35,3.14158554724959,0,0,0.58,32.2049308571,NA,246,42.2682802501,NA,34.67,36.58,83.17,NA,NA
Greece,1999,NA,0.77,24.37,0.2703665,4.97,4.63877597122674,0,0,1.05,38.959971136,NA,262,47.3775984366,NA,34.96,37.9,77.75,NA,NA
Greece,2000,NA,0.71,23.32,2.253173,6.24,6.74323018871102,0,0,0.55,45.3215162177,NA,309,58.4156775407,NA,32.17,39.13,79.33,NA,NA
Greece,2001,NA,0.38,25.75,0.9678661,3.89,8.07706329262291,0,0,0.78,50.0813931593,62.2301106804,313,56.1399692678,43.8104668407,33.17,39.89,78.41,NA,NA
Greece,2002,NA,0.19,27.29,-0.4090234,1.67,10.5489331933289,0,0,1.32,53.341596441,43.5942580479,313,50.3489962576,30.4928643069,33.46,38.96,76.63,NA,NA
Greece,2003,NA,0.21,21.98,-0.6446413,1.13,12.234763211745,0,0,1.18,57.1532685799,52.8136958638,339,48.1900537176,31.7670425258,35.55,37.72,77.95,NA,NA
Greece,2004,NA,0.25,15.48,0.1812333,1.35,14.1273630392821,0,0,0.9,62.2912458866,52.0709185896,319,49.8984415954,31.8523082141,35.5,37.29,76.96,NA,NA
Greece,2005,NA,0.41,12.81,0.3537202,3.21,15.7291032917782,0,0,0.66,72.0052877845,58.5676736933,302,50.9008641206,33.8764190425,34.34,36.29,77.25,0.236641221,NA
Greece,2006,74.6996624898,0.47,12.81,0.5309572,4.96,17.4925263247273,0,0,0.95,76.2773358206,73.4295703486,288,52.8502386407,43.1226047111,34.79,36.59,76.96,0.159327579,NA
Greece,2007,85.4432899577,0.94,17.54,0.4169228,5.02,20.4254798468558,0,0,0.94,84.5404260225,83.1907492331,289,57.5243742224,45.8647810646,33.71,36.46,76.8,0.138563214,NA
Greece,2008,63.1783912309,1.55,32.69,-0.674186,1.93,22.9505607103817,0,0,1.21,89.289909442,25.4471014429,289,59.3297157211,90.6889356984,32.67,35.71,74.59,0.157006752,NA
Greece,2009,85.6621834865,0.54,31.48,-0.6780831,0.16,25.3563448209684,0,1,3.09,88.0180690963,34.1310042235,285,47.7438465419,52.6608063044,33.43,31.13,73,0.163183346,NA
Greece,2010,86.4262933275,0.21,22.55,-0.2242614,0.18,28.7336041746693,0,1,0.99,111.5959761903,22.5768519718,277,52.8290979327,60.1348318198,30.08,27.16,69.67,0.195891343,NA
Greece,2011,82.0469915366,0.28,24.2,0.0085686,0.1,31.1245061341395,0,0,1.05,117.1551551196,11.7370207163,269,57.8446200447,68.0275758025,29.79,26.5,67.45,0.178312534,NA
Greece,2012,97.674193704,0.34,17.8,-0.2071169,0.14,34.1934316686336,0,0,1.38,116.8145580564,18.2669549499,262,61.8177666441,33.5976807486,30.13,26.92,66.7899999999999,0.196206858,NA
Greece,2013,,0.21,14.23,0.0973709,0.11,36.7246385665545,0,0,,,,,,,,,,,
Greece,2014,,0.2,14.18,0.0579681,0.09,39.7719529967335,0,0,,,,,,,,,,,
Greece,2015,,0.26,16.67,-0.0884614,0.13,42.9629588914388,0,0,,,,,,,,,,,
Greece,2016,,0.43,15.83,-0.2060358,0.4,45.6732900276397,0,0,,,,,,,,,,,
Greece,2017,,0.33,11.09,-0.0388482,1,48.565130757136,0,0,,,,,,,,,,,
Greece,2018,,0.37,16.64,-0.2820873,1.83,,0,0,,,,,,,,,,,
Hong Kong,1986,NA,0.86,NA,1.20774,6.81,NA,0,0,1.39,NA,131.0846550007,248,200.3073083223,28.4463736473,14,34.01,71.75,NA,-1.07311590908316
Hong Kong,1987,NA,1.41,NA,0.0861263,6.66,NA,0,0,1.36,NA,106.8174103088,264,215.1272893077,83.9744519149,14,34.86,73.91,NA,-1.0301085740222
Hong Kong,1988,NA,1.31,NA,-0.246703,7.57,NA,0,0,1.19,NA,124.6201213193,282,231.3403822553,31.4789891979,14.42,30.83,71.09,NA,-0.98598319096527
Hong Kong,1989,NA,1.18,NA,-0.0558675,9.22,NA,0,0,1.03,NA,112.7562491764,284,225.1955986119,44.5847145327,15.54,27.04,65.5,NA,-0.992125413528418
Hong Kong,1990,NA,0.79,23.06,-0.2267458,8.1,0.049343084935042,0,0,0.95,160.5382340769,108.3942839331,284,226.000240298,41.4743768938,16,15.54,54.17,NA,-1.86923198155422
Hong Kong,1991,NA,0.61,18.37,0.1842355,5.69,NA,0,0,1.41,137.2553784555,137.0069924015,333,231.8651339533,31.6091036413,16.5,22.16,56.24,NA,-1.75661379787021
Hong Kong,1992,NA,0.4,15.45,0.7072105,3.52,NA,1,0,0.93,129.5210189189,164.936934583,386,240.132816275,45.6163818041,17.71,29.79,66.42,NA,-1.77878448480634
Hong Kong,1993,NA,0.31,12.69,0.7764879,3.02,0.251846904392612,0,0,0.76,134.9088624182,319.925309024,450,233.9691302994,34.3115416226,17.5,30.25,66.99,NA,-1.68945646277853
Hong Kong,1994,NA,0.5,13.93,0.4535778,4.2,0.44703068563943,0,0,0.73,143.5186402569,198.4417367758,502,237.4279970656,46.6575312487,17.5,30.71,71,NA,-1.53453138815681
Hong Kong,1995,NA,0.55,12.39,0.3257557,5.84,0.777442482500118,0,0,0.62,149.4122462257,209.9544868414,518,256.8982650674,31.4742305435,39.94,28.33,72.5,NA,-1.45691840103963
Hong Kong,1996,NA,0.51,16.44,0.8705939,5.3,1.32595247753488,0,0,0.66,156.6678890408,281.2587970714,561,244.8537643862,37.0073360915,41,30.23,77.76,NA,-1.16693018722892
Hong Kong,1997,NA,0.68,22.36,0.6336278,5.46,2.04243902865752,0,0,0.67,169.2800071081,233.0510789674,638,233.440294578,109.6079773817,41.46,35.97,79.79,NA,-0.851135803477566
Hong Kong,1998,NA,0.79,25.6,-0.1820838,5.35,3.14158554724959,0,0,0.58,166.8047067674,203.4308337914,665,221.1332845084,59.9435020635,43.54,37.96,75.25,NA,-0.668185528169418
Hong Kong,1999,NA,0.77,24.37,0.2703665,4.97,4.63877597122674,0,0,1.05,152.7926522576,366.8736065064,688,220.2723131453,37.4357452575,44,37.44,70,NA,-0.367397532962132
Hong Kong,2000,NA,0.71,23.32,2.253173,6.24,6.74323018871102,0,0,0.55,150.3513642233,363.1411469515,779,247.6540204456,59.8327578153,44,44.01,70.5,NA,-0.01182540631996
Hong Kong,2001,NA,0.38,25.75,0.9678661,3.89,8.07706329262291,0,0,0.78,148.9766312781,298.7386282849,857,240.8489776269,47.0665986238,44.54,45.29,76.96,NA,0.348625598774446
Hong Kong,2002,NA,0.19,27.29,-0.4090234,1.67,10.5489331933289,0,0,1.32,145.707823001,278.3631300936,968,255.9964573693,38.6428611967,44.5,44.88,79.55,NA,0.513585715659507
Hong Kong,2003,NA,0.21,21.98,-0.6446413,1.13,12.234763211745,0,0,1.18,146.2314643713,442.7917180769,1027,292.4546559197,38.1823357015,44.25,44.09,76.63,NA,0.769978124292129
Hong Kong,2004,NA,0.25,15.48,0.1812333,1.35,14.1273630392821,0,0,0.9,144.7619641307,509.4406253363,1086,326.8410545891,46.8653845252,43.88,45.01,78.26,NA,1.04218611449912
Hong Kong,2005,NA,0.41,12.81,0.3537202,3.21,15.7291032917782,0,0,0.66,143.1276998141,581.0424864255,1126,342.6892095247,39.9236845006,42.76,45.55,79.96,0.090909091,1.04705869940284
Hong Kong,2006,97.2350459954,0.47,12.81,0.5309572,4.96,17.4925263247273,0,0,0.95,136.8003204175,886.1146768353,1165,359.2086611842,44.0563175702,42,46.84,81.54,0.183838514,1.38448348761729
Hong Kong,2007,88.2157097996,0.94,17.54,0.4169228,5.02,20.4254798468558,0,0,0.94,136.6797428572,1254.4653147094,1232,362.1494636397,75.9421015559,41.29,47.59,82.21,0.129600358,1.59264225280982
Hong Kong,2008,82.7398929844,1.55,32.69,-0.674186,1.93,22.9505607103817,0,0,1.21,140.285752688,605.9697275702,1251,376.6568061719,118.0200189428,40.79,45.88,83.09,0.128957978,1.72449733214303
Hong Kong,2009,97.9744293437,0.54,31.48,-0.6780831,0.16,25.3563448209684,0,1,3.09,155.4261611154,1076.935957894,1308,348.3975543093,61.3094626445,41.04,38.05,81.63,0.102370709,1.96282453455702
Hong Kong,2010,97.3602281877,0.21,22.55,-0.2242614,0.18,28.7336041746693,0,1,0.99,185.5819126717,1185.8570081647,1396,404.7705609087,54.86610643,41.58,40.93,81.67,0.110731628,2.17582467325711
Hong Kong,2011,97.5926119853,0.28,24.2,0.0085686,0.1,31.1245061341395,0,0,1.05,202.2927455116,908.616284735,1472,421.8547065544,63.637365352,42,47.41,80.37,0.163832732,2.41996536103468
Hong Kong,2012,99.499587232,0.34,17.8,-0.2071169,0.14,34.1934316686336,0,0,1.38,198.5315050767,1078.3047947312,1459,430.5685304157,38.0207681654,41.67,43.16,78.93,0.101717959,2.54919714078317
Hong Kong,2013,,0.21,14.23,0.0973709,0.11,36.7246385665545,0,0,,,,,,,,,,,
Hong Kong,2014,,0.2,14.18,0.0579681,0.09,39.7719529967335,0,0,,,,,,,,,,,
Hong Kong,2015,,0.26,16.67,-0.0884614,0.13,42.9629588914388,0,0,,,,,,,,,,,
Hong Kong,2016,,0.43,15.83,-0.2060358,0.4,45.6732900276397,0,0,,,,,,,,,,,
Hong Kong,2017,,0.33,11.09,-0.0388482,1,48.565130757136,0,0,,,,,,,,,,,
Hong Kong,2018,,0.37,16.64,-0.2820873,1.83,,0,0,,,,,,,,,,,
Italy,1986,NA,0.86,NA,1.20774,6.81,NA,0,0,1.39,47.8870709133,NA,184,36.2744261905,NA,39.49,33.2,80.09,NA,NA
Italy,1987,NA,1.41,NA,0.0861263,6.66,NA,0,0,1.36,48.3955963784,NA,204,35.6718012397,NA,40.71,36.79,79,NA,NA
Italy,1988,NA,1.31,NA,-0.246703,7.57,NA,0,0,1.19,50.5683962457,NA,211,35.2188899729,NA,40.42,32.89,75.67,NA,NA
Italy,1989,NA,1.18,NA,-0.0558675,9.22,NA,0,0,1.03,50.7973319521,NA,217,37.166515163,NA,40.71,35.17,76.5,NA,NA
Italy,1990,NA,0.79,23.06,-0.2267458,8.1,0.049343084935042,0,0,0.95,52.8760967734,NA,220,36.4332620635,NA,40.09,33.01,74,NA,NA
Italy,1991,NA,0.61,18.37,0.1842355,5.69,NA,0,0,1.41,55.2218947491,NA,265,33.9824492078,NA,39.13,24.96,71.37,NA,NA
Italy,1992,NA,0.4,15.45,0.7072105,3.52,NA,1,0,0.93,58.1515943434,NA,255,35.0208941069,NA,37.93,23.84,70.09,NA,NA
Italy,1993,NA,0.31,12.69,0.7764879,3.02,0.251846904392612,0,0,0.76,58.330216393,NA,242,37.8752979276,NA,34.46,21.83,67.84,NA,NA
Italy,1994,NA,0.5,13.93,0.4535778,4.2,0.44703068563943,0,0,0.73,55.7104568557,NA,256,40.5793857039,NA,36.55,24.9,71.59,NA,NA
Italy,1995,NA,0.55,12.39,0.3257557,5.84,0.777442482500118,0,0,0.62,54.023822438,NA,250,45.8249838927,NA,36.37,26.33,73.34,NA,NA
Italy,1996,NA,0.51,16.44,0.8705939,5.3,1.32595247753488,0,0,0.66,52.5041477718,NA,244,42.9828369443,NA,36.5,30.78,80.74,NA,NA
Italy,1997,NA,0.68,22.36,0.6336278,5.46,2.04243902865752,0,0,0.67,53.2408232499,NA,235,44.6817494646,NA,37.38,36.02,84.62,NA,NA
Italy,1998,NA,0.79,25.6,-0.1820838,5.35,3.14158554724959,0,0,0.58,55.6872236964,NA,243,45.209983852,NA,40.25,41.01,83.58,NA,NA
Italy,1999,NA,0.77,24.37,0.2703665,4.97,4.63877597122674,0,0,1.05,NA,58.3262729334,270,44.7251763418,73.5994647921,40.01,40.62,74.41,NA,NA
Italy,2000,98.41430334,0.71,23.32,2.253173,6.24,6.74323018871102,0,0,0.55,NA,67.2963963743,297,50.4745182668,128.7871942356,38.46,41.91,76.42,NA,NA
Italy,2001,81.966391339,0.38,25.75,0.9678661,3.89,8.07706329262291,0,0,0.78,60.59369653,45.3806404449,294,50.2082211936,113.6883410095,40.16,41,82.51,NA,NA
Italy,2002,86.5729714648,0.19,27.29,-0.4090234,1.67,10.5489331933289,0,0,1.32,62.268148813,37.6684880603,295,48.1984157316,120.8320688582,40.21,39.54,81.05,NA,NA
Italy,2003,99.9215129168,0.21,21.98,-0.6446413,1.13,12.234763211745,0,0,1.18,65.5205096184,39.1706249329,271,46.2686409275,119.1316423189,42.08,39.01,78.59,NA,NA
Italy,2004,86.9178767718,0.25,15.48,0.1812333,1.35,14.1273630392821,0,0,0.9,67.9129611123,43.9056965736,269,47.5436417999,114.0130164723,42.66,38.58,77.47,NA,NA
Italy,2005,90.1131288697,0.41,12.81,0.3537202,3.21,15.7291032917782,0,0,0.66,71.0365786466,43.0770911011,275,49.4138165308,132.1649625804,39.5,37.75,77.83,NA,NA
Italy,2006,64.0867717286,0.47,12.81,0.5309572,4.96,17.4925263247273,0,0,0.95,75.9780551077,52.8408487442,284,53.2922767151,117.7735345089,37.05,37.75,77.92,NA,NA
Italy,2007,69.2330692401,0.94,17.54,0.4169228,5.02,20.4254798468558,0,0,0.94,82.0686760661,48.6840089975,301,55.2136487798,206.3860527102,36.92,38.83,79.05,NA,NA
Italy,2008,66.3778370559,1.55,32.69,-0.674186,1.93,22.9505607103817,0,0,1.21,83.973243963,21.8380144313,294,54.7180081332,265.1711046527,37,37.5,78.84,NA,NA
Italy,2009,69.5568224193,0.54,31.48,-0.6780831,0.16,25.3563448209684,0,1,3.09,87.8085746076,30.0137382315,291,45.6091141999,141.3158028553,36.42,33.59,79.46,NA,NA
Italy,2010,47.3853087356,0.21,22.55,-0.2242614,0.18,28.7336041746693,0,1,0.99,93.4432802997,25.1785533368,290,52.3455979201,124.4458194539,36.55,34.21,77.5,NA,NA
Italy,2011,38.3022908497,0.28,24.2,0.0085686,0.1,31.1245061341395,0,0,1.05,94.7090137297,18.9556675044,311,55.5829877523,196.2059386201,35.92,35.89,74.21,NA,NA
Italy,2012,50.8937457974,0.34,17.8,-0.2071169,0.14,34.1934316686336,0,0,1.38,94.4037732881,23.2449786583,303,56.1848844871,162.4245899397,34.21,34,73.55,NA,NA
Italy,2013,,0.21,14.23,0.0973709,0.11,36.7246385665545,0,0,,,,,,,,,,,
Italy,2014,,0.2,14.18,0.0579681,0.09,39.7719529967335,0,0,,,,,,,,,,,
Italy,2015,,0.26,16.67,-0.0884614,0.13,42.9629588914388,0,0,,,,,,,,,,,
Italy,2016,,0.43,15.83,-0.2060358,0.4,45.6732900276397,0,0,,,,,,,,,,,
Italy,2017,,0.33,11.09,-0.0388482,1,48.565130757136,0,0,,,,,,,,,,,
Italy,2018,,0.37,16.64,-0.2820873,1.83,,0,0,,,,,,,,,,,
Japan,1986,NA,0.86,NA,1.20774,6.81,NA,0,0,1.39,152.2175618232,85.9571082603,1499,18.4400213996,64.8110773151,43.25,43.35,87.83,NA,-1.26605874688864
Japan,1987,NA,1.41,NA,0.0861263,6.66,NA,0,0,1.36,168.9491406116,108.4352195161,1532,17.4443478599,73.8802952906,44.41,39.76,87.42,NA,-1.09193739238637
Japan,1988,NA,1.31,NA,-0.246703,7.57,NA,0,0,1.19,177.7554474839,124.2046164529,1571,17.4994823729,67.1124747883,44.83,42.73,89.83,NA,-1.13782978282707
Japan,1989,NA,1.18,NA,-0.0558675,9.22,NA,0,0,1.03,185.3122305824,139.5786999721,1597,19.1021216578,61.2443670903,43.79,42.98,86.66,NA,-1.13232674472745
Japan,1990,NA,0.79,23.06,-0.2267458,8.1,0.049343084935042,0,0,0.95,189.7228552023,93.2661645072,1627,19.7866656624,52.6055197595,42.84,38.44,85.33,NA,-3.09626930439654
Japan,1991,NA,0.61,18.37,0.1842355,5.69,NA,0,0,1.41,190.3046112224,84.0016844725,1641,18.2820417715,34.2979003808,41.33,31.24,80.58,NA,-2.39985910191827
Japan,1992,NA,0.4,15.45,0.7072105,3.52,NA,1,0,0.93,194.4214129506,57.8487589529,1651,17.5102614407,26.8879706584,42.46,26.8,78.5,NA,-2.17829853154633
Japan,1993,NA,0.31,12.69,0.7764879,3.02,0.251846904392612,0,0,0.76,196.8610132126,65.0678650589,1667,16.0116999394,31.3000346454,44.21,26.21,79.17,NA,-2.43474473755013
Japan,1994,NA,0.5,13.93,0.4535778,4.2,0.44703068563943,0,0,0.73,199.2442442512,73.2049129536,1689,16.1044723059,29.773128812,43.87,28.05,79.25,NA,-1.8381462220245
Japan,1995,NA,0.55,12.39,0.3257557,5.84,0.777442482500118,0,0,0.62,196.9878743525,65.0620451386,1714,16.6794818841,32.2791018709,43,30,81,NA,-1.76456110195099
Japan,1996,NA,0.51,16.44,0.8705939,5.3,1.32595247753488,0,0,0.66,197.0936478772,62.4723481927,1766,18.524500154,39.3813596274,43.25,31.95,83.51,NA,-1.40788627249653
Japan,1997,NA,0.68,22.36,0.6336278,5.46,2.04243902865752,0,0,0.67,210.2193141343,47.2366146244,1805,20.0407381925,49.9828246334,45.79,37.57,87.05,NA,-0.997840791817148
Japan,1998,NA,0.79,25.6,-0.1820838,5.35,3.14158554724959,0,0,0.58,218.0880807628,60.497033725,1818,19.2320217081,42.8554581194,45.33,39.96,79.18,NA,-0.797495280019797
Japan,1999,NA,0.77,24.37,0.2703665,4.97,4.63877597122674,0,0,1.05,221.2885051105,97.6604803097,1889,18.3489598227,45.5338893622,47.13,39.27,78.66,NA,-0.52499563414318
Japan,2000,NA,0.71,23.32,2.253173,6.24,6.74323018871102,0,0,0.55,212.2687989125,64.5976282276,2055,19.8196527095,78.5825128192,47.5,38.8,80.17,NA,-0.140547096972968
Japan,2001,NA,0.38,25.75,0.9678661,3.89,8.07706329262291,0,0,0.78,183.1815183411,52.6200676296,2103,19.798128125,75.1567410585,46,37.84,85.91,0.142756961,0.396254905766936
Japan,2002,99.8654150774,0.19,27.29,-0.4090234,1.67,10.5489331933289,0,0,1.32,180.8463482163,50.2853134558,2119,20.6856113594,83.7283422805,47,35.79,85.7899999999999,0.240089808,0.893739154461412
Japan,2003,99.6868749935,0.21,21.98,-0.6446413,1.13,12.234763211745,0,0,1.18,180.4876477661,66.4265729098,2174,21.5831293982,78.8275889766,49.04,37.46,85.67,0.227769585,1.15730775095676
Japan,2004,89.5096189198,0.25,15.48,0.1812333,1.35,14.1273630392821,0,0,0.9,173.5370141664,73.8850352835,2276,23.9223564559,97.1894910013,48.21,39.63,83.78,0.206953714,1.57158973253932
Japan,2005,79.9105870746,0.41,12.81,0.3537202,3.21,15.7291032917782,0,0,0.66,189.1944751407,96.1620643289,2323,26.5154937833,94.8561891356,46.5,39.17,83.09,0.157312735,1.9291781165275
Japan,2006,90.238391065,0.47,12.81,0.5309572,4.96,17.4925263247273,0,0,0.95,186.3609662699,101.8473429667,2391,30.3317816192,119.1691182466,45.75,40.66,83.58,0.186252352,2.06837146165306
Japan,2007,94.2019192374,0.94,17.54,0.4169228,5.02,20.4254798468558,0,0,0.94,176.9967059641,95.9173453993,2389,33.0938884858,152.06531826,46.01,41.75,80.63,0.155086651,2.4535980191517
Japan,2008,80.6581008989,1.55,32.69,-0.674186,1.93,22.9505607103817,0,0,1.21,173.9428828437,61.8471683552,2374,34.3990204252,199.2650647478,45.92,41.08,78.25,0.113042005,2.55313414324625
Japan,2009,99.5431606781,0.54,31.48,-0.6780831,0.16,25.3563448209684,0,1,3.09,180.2275174106,63.1970982749,2320,24.4908999164,117.0008617905,43.63,35.75,78.5,0.108522233,2.64790712868678
Japan,2010,100,0.21,22.55,-0.2242614,0.18,28.7336041746693,0,1,0.99,173.5263180721,67.152777425,2281,28.6130077131,111.5608357985,43.25,38.5,80.63,0.101201751,2.73786287080403
Japan,2011,99.0798090332,0.28,24.2,0.0085686,0.1,31.1245061341395,0,0,1.05,172.901730434,54.0058397264,2280,30.39300297,129.6174365542,43.67,38.16,79.46,0.103739129,2.71235425785662
Japan,2012,99.5838012137,0.34,17.8,-0.2071169,0.14,34.1934316686336,0,0,1.38,175.0790977483,56.0811220243,2294,30.6361236891,96.1935805388,43.26,37.45,78.83,0.096852303,2.85774430498618
Japan,2013,,0.21,14.23,0.0973709,0.11,36.7246385665545,0,0,,,,,,,,,,,
Japan,2014,,0.2,14.18,0.0579681,0.09,39.7719529967335,0,0,,,,,,,,,,,
Japan,2015,,0.26,16.67,-0.0884614,0.13,42.9629588914388,0,0,,,,,,,,,,,
Japan,2016,,0.43,15.83,-0.2060358,0.4,45.6732900276397,0,0,,,,,,,,,,,
Japan,2017,,0.33,11.09,-0.0388482,1,48.565130757136,0,0,,,,,,,,,,,
Japan,2018,,0.37,16.64,-0.2820873,1.83,,0,0,,,,,,,,,,,
Malaysia,1986,NA,0.86,NA,1.20774,6.81,NA,0,0,1.39,101.4660446406,53.5837907115,226,106.8778066598,7.8634137282,34.13,28.5,66,NA,-1.12263552037092
Malaysia,1987,NA,1.41,NA,0.0861263,6.66,NA,0,0,1.36,89.5766171302,56.7172416255,232,111.9195920331,20.879141951,32.79,25.21,64.16,NA,-1.09817537778893
Malaysia,1988,NA,1.31,NA,-0.246703,7.57,NA,0,0,1.19,86.4624878207,65.3671418599,238,122.6242272383,10.8570702396,34.46,26.21,60.17,NA,-1.03593234682504
Malaysia,1989,NA,1.18,NA,-0.0558675,9.22,NA,0,0,1.03,95.6528845514,102.1818368611,249,136.6890622713,16.6417776219,38.8,25.15,59.84,NA,-1.0434210109586
Malaysia,1990,NA,0.79,23.06,-0.2267458,8.1,0.049343084935042,0,0,0.95,69.4126686877,108.7329549391,268,146.888252534,22.3770853619,41.04,33.37,66.83,NA,-1.58262785186455
Malaysia,1991,NA,0.61,18.37,0.1842355,5.69,NA,0,0,1.41,73.761091746,115.4212173501,318,159.3126262738,18.8366959796,40.84,39.89,71.58,NA,-1.50409157938795
Malaysia,1992,NA,0.4,15.45,0.7072105,3.52,NA,1,0,0.93,108.5299407357,150.4349773827,363,150.6122205188,20.8589892381,40.33,35.55,69.84,NA,-1.31811562181357
Malaysia,1993,NA,0.31,12.69,0.7764879,3.02,0.251846904392612,0,0,0.76,106.4604252205,320.9934526258,407,157.9413797309,6.5956294231,42.46,32.66,72.41,NA,-1.51484945203989
Malaysia,1994,NA,0.5,13.93,0.4535778,4.2,0.44703068563943,0,0,0.73,109.2177427607,247.0844538013,475,179.9058630922,6.4898015743,42.66,31.83,73.83,NA,-1.38287642532302
Malaysia,1995,NA,0.55,12.39,0.3257557,5.84,0.777442482500118,0,0,0.62,124.4147128627,240.9739524435,523,192.1140637923,28.1299488421,41.5,31.79,76.75,NA,-1.29660584216977
Malaysia,1996,NA,0.51,16.44,0.8705939,5.3,1.32595247753488,0,0,0.66,141.6342973464,303.5686885725,615,181.7676988622,8.3767307992,40.05,32.64,78.26,NA,-1.28775562460769
Malaysia,1997,NA,0.68,22.36,0.6336278,5.46,2.04243902865752,0,0,0.67,158.3850475807,93.2253473333,700,185.6647562945,45.6850352637,36.76,36,79.42,NA,-1.22331794720391
Malaysia,1998,NA,0.79,25.6,-0.1820838,5.35,3.14158554724959,0,0,0.58,158.504819163,132.4156912288,728,209.4914631907,27.785195345,33.17,33.37,73.49,NA,-1.12299332350357
Malaysia,1999,NA,0.77,24.37,0.2703665,4.97,4.63877597122674,0,0,1.05,149.1519892541,176.7653198832,749,217.5694726133,30.0600059082,40.05,36.17,66.82,NA,-0.991242618711295
Malaysia,2000,NA,0.71,23.32,2.253173,6.24,6.74323018871102,0,0,0.55,134.9998539258,120.648371357,787,220.4073501477,46.4064454855,42,42.46,67.17,NA,-0.763171866484526
Malaysia,2001,NA,0.38,25.75,0.9678661,3.89,8.07706329262291,0,0,0.78,129.1013755782,128.2342402696,804,203.3646360107,17.6775511408,41.83,41.25,69.26,NA,-0.567049789150426
Malaysia,2002,NA,0.19,27.29,-0.4090234,1.67,10.5489331933289,0,0,1.32,121.8276628455,124.7239147,857,199.3564919679,20.4553954359,41.71,39.29,71.76,NA,-0.386039539076015
Malaysia,2003,NA,0.21,21.98,-0.6446413,1.13,12.234763211745,0,0,1.18,118.9741488801,145.9262648381,897,194.1948902617,28.425356716,40.67,39.75,72.01,NA,-0.353246774893285
Malaysia,2004,NA,0.25,15.48,0.1812333,1.35,14.1273630392821,0,0,0.9,111.9373690173,145.5905195454,955,210.3738221154,29.8371375248,41.67,42.12,75.55,NA,0.489729671734191
Malaysia,2005,NA,0.41,12.81,0.3537202,3.21,15.7291032917782,0,0,0.66,106.5244319074,125.7663069024,1015,203.8544606294,24.7313972925,41.67,40.79,76.42,NA,0.899138267874722
Malaysia,2006,NA,0.47,12.81,0.5309572,4.96,17.4925263247273,0,0,0.95,103.6640040787,144.8026933374,1021,202.5776538541,29.3510254864,42.09,41.16,76.14,NA,1.32343335506042
Malaysia,2007,NA,0.94,17.54,0.4169228,5.02,20.4254798468558,0,0,0.94,101.5800751601,168.0671232417,983,192.466107554,47.5392346515,43.25,42.16,76.63,NA,1.60112840896112
Malaysia,2008,NA,1.55,32.69,-0.674186,1.93,22.9505607103817,0,0,1.21,96.7483791621,81.9878948602,972,176.6685921257,43.5011961844,43.16,42,73.7899999999999,NA,1.88444708850492
Malaysia,2009,NA,0.54,31.48,-0.6780831,0.16,25.3563448209684,0,1,3.09,111.6069114684,142.995570815,952,162.559047429,27.9506294512,42.92,37.34,72.67,NA,2.41366276655737
Malaysia,2010,100,0.21,22.55,-0.2242614,0.18,28.7336041746693,0,1,0.99,107.1227525739,160.2598047356,948,157.9450083634,28.087192534,43.58,39.62,73.34,0.419021965,2.862306501223
Malaysia,2011,96.2427915404,0.28,24.2,0.0085686,0.1,31.1245061341395,0,0,1.05,108.4259367054,132.7810761703,932,154.9377942885,32.9397532232,43.09,40.3,72.59,0.412998142,3.29954625616071
Malaysia,2012,94.4210821956,0.34,17.8,-0.2071169,0.14,34.1934316686336,0,0,1.38,114.1246473197,148.3855034606,911,147.8418040239,26.5024612636,43.13,40.34,70.75,0.336993734,3.54280158003736
Malaysia,2013,,0.21,14.23,0.0973709,0.11,36.7246385665545,0,0,,,,,,,,,,,
Malaysia,2014,,0.2,14.18,0.0579681,0.09,39.7719529967335,0,0,,,,,,,,,,,
Malaysia,2015,,0.26,16.67,-0.0884614,0.13,42.9629588914388,0,0,,,,,,,,,,,
Malaysia,2016,,0.43,15.83,-0.2060358,0.4,45.6732900276397,0,0,,,,,,,,,,,
Malaysia,2017,,0.33,11.09,-0.0388482,1,48.565130757136,0,0,,,,,,,,,,,
Malaysia,2018,,0.37,16.64,-0.2820873,1.83,,0,0,,,,,,,,,,,
Mexico,1986,NA,0.86,NA,1.20774,6.81,NA,0,0,1.39,13.0316998245,4.2645176956,235,30.7749854653,72.5987318841,24.75,16.72,61.5,NA,NA
Mexico,1987,NA,1.41,NA,0.0861263,6.66,NA,0,0,1.36,12.9262938514,6.4521336075,260,32.8842499788,115.1369060773,26.54,16.72,62.34,NA,NA
Mexico,1988,NA,1.31,NA,-0.246703,7.57,NA,0,0,1.19,11.1139606229,8.2994680374,309,38.4657040441,50.4741447368,27.66,20.64,66.09,NA,NA
Mexico,1989,NA,1.18,NA,-0.0558675,9.22,NA,0,0,1.03,15.5586698281,12.1447483972,354,38.0586734447,50.0275110783,25.59,27.61,67.25,NA,NA
Mexico,1990,NA,0.79,23.06,-0.2267458,8.1,0.049343084935042,0,0,0.95,17.4524879577,15.625608085,390,38.3061827751,45.1586114495,28.63,31.59,69.75,NA,NA
Mexico,1991,NA,0.61,18.37,0.1842355,5.69,NA,0,0,1.41,20.9248798583,32.6788769373,207,35.6373224193,30.7984624367,29.63,32.34,72.08,NA,NA
Mexico,1992,NA,0.4,15.45,0.7072105,3.52,NA,1,0,0.93,28.0370023063,38.1574444643,199,35.5093330592,31.8251023468,31.96,31.05,71.33,NA,NA
Mexico,1993,NA,0.31,12.69,0.7764879,3.02,0.251846904392612,0,0,0.76,25.3810058246,39.8571535769,190,25.9656455009,31.162947855,30.66,30.16,71.67,NA,NA
Mexico,1994,NA,0.5,13.93,0.4535778,4.2,0.44703068563943,0,0,0.73,30.914617798,24.6996430775,206,29.2971480419,43.8926537775,32.38,30.87,73.58,NA,NA
Mexico,1995,NA,0.55,12.39,0.3257557,5.84,0.777442482500118,0,0,0.62,24.3599807689,26.3804134548,185,46.1115949754,37.70019525,31.32,19.74,66.66,NA,NA
Mexico,1996,NA,0.51,16.44,0.8705939,5.3,1.32595247753488,0,0,0.66,15.7202585558,26.8669722154,193,50.7241257734,40.3884182947,35.7,23,66.5,NA,NA
Mexico,1997,NA,0.68,22.36,0.6336278,5.46,2.04243902865752,0,0,0.67,22.1259520345,32.586306655,194,49.3201583135,33.0183190384,36.51,31.07,67.75,NA,NA
Mexico,1998,NA,0.79,25.6,-0.1820838,5.35,3.14158554724959,0,0,0.58,19.9125704687,18.2756825941,194,51.7760980309,30.4756839005,32.21,35.55,69.51,NA,NA
Mexico,1999,NA,0.77,24.37,0.2703665,4.97,4.63877597122674,0,0,1.05,16.9273005732,26.5840548726,186,51.268901099,22.6758115934,33.88,33.16,68.08,NA,NA
Mexico,2000,NA,0.71,23.32,2.253173,6.24,6.74323018871102,0,0,0.55,15.5736382787,18.3140792291,175,53.1310512627,35.7020388274,36.04,36.46,69.67,NA,NA
Mexico,2001,NA,0.38,25.75,0.9678661,3.89,8.07706329262291,0,0,0.78,13.4463969694,17.4220715048,167,48.5280469404,42.0476011176,36.5,36.51,73.13,NA,NA
Mexico,2002,NA,0.19,27.29,-0.4090234,1.67,10.5489331933289,0,0,1.32,15.4994803312,14.0165622111,163,48.371083585,24.4720979131,36.21,36.05,68.59,NA,NA
Mexico,2003,NA,0.21,21.98,-0.6446413,1.13,12.234763211745,0,0,1.18,15.7141391885,17.1787002386,158,51.2352704309999,18.837625403,36.21,36.96,69.17,NA,NA
Mexico,2004,NA,0.25,15.48,0.1812333,1.35,14.1273630392821,0,0,0.9,15.0062692822,22.2522657226,151,54.2264128628,25.8056513813,38.59,38.05,72,NA,NA
Mexico,2005,NA,0.41,12.81,0.3537202,3.21,15.7291032917782,0,0,0.66,16.2190539248,27.6019049374,150,54.5764462368,22.7856509454,41.04,37.71,72.96,NA,NA
Mexico,2006,NA,0.47,12.81,0.5309572,4.96,17.4925263247273,0,0,0.95,19.3973177341,36.0874254169,132,56.4550956276,23.4941852065,41.46,37.09,73.12,NA,NA
Mexico,2007,NA,0.94,17.54,0.4169228,5.02,20.4254798468558,0,0,0.94,21.5928757492,38.1155314891,125,57.0647518554,29.6487740865,41.67,39.05,75.51,NA,NA
Mexico,2008,NA,1.55,32.69,-0.674186,1.93,22.9505607103817,0,0,1.21,20.8367154408,21.2530803636,125,58.0710870036,36.2566913782,40.67,38.21,74.01,NA,NA
Mexico,2009,NA,0.54,31.48,-0.6780831,0.16,25.3563448209684,0,1,3.09,22.7828226737,39.3369386364,125,56.0347938199,22.0302867721,38.5,29.8,70.88,NA,NA
Mexico,2010,NA,0.21,22.55,-0.2242614,0.18,28.7336041746693,0,1,0.99,23.4769157213,43.2245130121,130,60.9465347831,24.4572089919,41.58,35.12,68.88,NA,NA
Mexico,2011,68.7119757418,0.28,24.2,0.0085686,0.1,31.1245061341395,0,0,1.05,24.7493595988,34.8953368388,128,63.7765201015,24.4168689003,41.21,37.54,69.16,0.433673469,NA
Mexico,2012,75.7600591298,0.34,17.8,-0.2071169,0.14,34.1934316686336,0,0,1.38,26.3662166896,44.2488978095,131,66.4083190298,22.7949847243,40.76,37.24,67.76,0.084291188,NA
Mexico,2013,,0.21,14.23,0.0973709,0.11,36.7246385665545,0,0,,,,,,,,,,,
Mexico,2014,,0.2,14.18,0.0579681,0.09,39.7719529967335,0,0,,,,,,,,,,,
Mexico,2015,,0.26,16.67,-0.0884614,0.13,42.9629588914388,0,0,,,,,,,,,,,
Mexico,2016,,0.43,15.83,-0.2060358,0.4,45.6732900276397,0,0,,,,,,,,,,,
Mexico,2017,,0.33,11.09,-0.0388482,1,48.565130757136,0,0,,,,,,,,,,,
Mexico,2018,,0.37,16.64,-0.2820873,1.83,,0,0,,,,,,,,,,,
Netherlands,1986,55.0960077922,0.86,NA,1.20774,6.81,NA,0,0,1.39,60.1589223152,42.215987935,267,97.6318050676,40.1458925406,42.04,38.11,90.42,0.463601533,NA
Netherlands,1987,95.8391554532,1.41,NA,0.0861263,6.66,NA,0,0,1.36,62.8161387583,36.0060868342,226,96.1642263495,51.1380166738,40.96,36.63,89,0.149425287,NA
Netherlands,1988,91.0690772764,1.31,NA,-0.246703,7.57,NA,0,0,1.19,73.6877646604,41.8068454098,232,100.4997772061,27.9054703734,40.3,36.67,86.92,0.199233716,NA
Netherlands,1989,75.6413699981,1.18,NA,-0.0558675,9.22,NA,0,0,1.03,74.2623697502,60.565376427,251,106.5831501899,31.6454394041,39.92,36.42,87,0.157692308,NA
Netherlands,1990,100,0.79,23.06,-0.2267458,8.1,0.049343084935042,0,0,0.95,74.953775288,38.1284657395,260,104.568224394,36.4681406553,39.92,36.17,85.83,0.099616858,NA
Netherlands,1991,99.9226196878,0.61,18.37,0.1842355,5.69,NA,0,0,1.41,76.5033166471,52.3000323825,204,105.6502525152,25.1603786472,39.75,35.67,85,0.237134539,NA
Netherlands,1992,75.9115379547,0.4,15.45,0.7072105,3.52,NA,1,0,0.93,77.2588001211,47.6499082264,187,102.5241651236,26.0815747074,41.34,32.64,84.17,0.271939221,NA
Netherlands,1993,91.7659017113,0.31,12.69,0.7764879,3.02,0.251846904392612,0,0,0.76,80.121453351,52.0729217785,239,99.4528190258,28.1216020384,39.59,29,82.17,0.225516621,NA
Netherlands,1994,97.1506262501,0.5,13.93,0.4535778,4.2,0.44703068563943,0,0,0.73,82.1597026826,59.8463822186,234,103.483137228,33.9017815545,39.83,29.5,82.17,0.200114265,NA
Netherlands,1995,100,0.55,12.39,0.3257557,5.84,0.777442482500118,0,0,0.62,87.4776049089,64.1954981432,184,108.375827209,40.3960223615,40.17,29.21,83.5,0.192840278,NA
Netherlands,1996,98.3958688302,0.51,16.44,0.8705939,5.3,1.32595247753488,0,0,0.66,93.0458124071,84.2167303,185,109.1288229842,45.6420489654,39.84,32.83,86.84,0.16297421,NA
Netherlands,1997,96.9263196658,0.68,22.36,0.6336278,5.46,2.04243902865752,0,0,0.67,98.0743730502,113.6903978579,198,114.8826860952,52.9904048751,38.84,38.84,90.75,0.170921573,NA
Netherlands,1998,100,0.79,25.6,-0.1820838,5.35,3.14158554724959,0,0,0.58,NA,139.4717944184,214,113.3449777173,67.1216740149,38.92,43.33,93.33,0.160229371,NA
Netherlands,1999,100,0.77,24.37,0.2703665,4.97,4.63877597122674,0,0,1.05,NA,157.0348745144,387,115.136270062,60.5007658395,37.25,42.7,93.5,0.157058548,NA
Netherlands,2000,97.8141552499,0.71,23.32,2.253173,6.24,6.74323018871102,0,0,0.55,NA,155.1465688868,392,126.4519786368,101.5498044129,35.79,44.17,95.25,0.134397278,NA
Netherlands,2001,88.3776903167,0.38,25.75,0.9678661,3.89,8.07706329262291,0,0,0.78,111.6663450081,117.9217086781,329,120.9865406884,90.6337163033,37.63,43.09,96.08,0.126892601,NA
Netherlands,2002,91.8279777445,0.19,27.29,-0.4090234,1.67,10.5489331933289,0,0,1.32,110.6512828083,86.2257242444,294,114.7103848122,131.6069364266,37.71,41.76,91.67,0.098892661,NA
Netherlands,2003,98.8353272974,0.21,21.98,-0.6446413,1.13,12.234763211745,0,0,1.18,110.1326107079,85.4482614872,268,112.6547601896,110.2872775164,39.25,39.5,89.71,0.095028458,NA
Netherlands,2004,64.6604338365,0.25,15.48,0.1812333,1.35,14.1273630392821,0,0,0.9,113.9646027496,82.8034820706,256,119.1482214533,116.6778625825,40.59,41.63,89.55,0.083722974,NA
Netherlands,2005,61.8202850401,0.41,12.81,0.3537202,3.21,15.7291032917782,0,0,0.66,117.4866983499,87.3700972676,237,124.5538471689,100.3148849307,40.71,41.38,85.67,0.0659791,NA
Netherlands,2006,50.0196630181,0.47,12.81,0.5309572,4.96,17.4925263247273,0,0,0.95,114.5630615388,107.2791030476,224,129.8258668674,115.5528759787,40.34,42.13,83.17,0.045402383,NA
Netherlands,2007,50.7270778058,0.94,17.54,0.4169228,5.02,20.4254798468558,0,0,0.94,114.4627250196,113.9069861202,221,131.7218888599,161.2144715093,40.93,45.46,84.42,0.040734222,NA
Netherlands,2008,41.2159697948,1.55,32.69,-0.674186,1.93,22.9505607103817,0,0,1.21,112.3114135205,41.5198810738,211,134.6586082111,249.7328442694,40.75,44.46,85.04,0.028265859,NA
Netherlands,2009,36.252555408,0.54,31.48,-0.6780831,0.16,25.3563448209684,0,1,3.09,118.6190368235,65.1793866208,164,118.9804709007,96.9386885595,39.3,38.5,85.17,0.02451213,NA
Netherlands,2010,28.6112224163,0.21,22.55,-0.2242614,0.18,28.7336041746693,0,1,0.99,115.0546624609,79.0419839567,150,135.5450094377,84.3129790506,38.42,38.58,86.38,0.02074416,NA
Netherlands,2011,17.1484258244,0.28,24.2,0.0085686,0.1,31.1245061341395,0,0,1.05,115.8270747036,66.5322150113,144,146.1732166382,87.0196956622,38.41,40.09,85.8,0.01781053,NA
Netherlands,2012,33.0619606884,0.34,17.8,-0.2071169,0.14,34.1934316686336,0,0,1.38,118.3638578718,78.5106089157,135,154.2708520624,64.1449127511,37.63,38.37,83.67,0.034568854,NA
Netherlands,2013,,0.21,14.23,0.0973709,0.11,36.7246385665545,0,0,,,,,,,,,,,
Netherlands,2014,,0.2,14.18,0.0579681,0.09,39.7719529967335,0,0,,,,,,,,,,,
Netherlands,2015,,0.26,16.67,-0.0884614,0.13,42.9629588914388,0,0,,,,,,,,,,,
Netherlands,2016,,0.43,15.83,-0.2060358,0.4,45.6732900276397,0,0,,,,,,,,,,,
Netherlands,2017,,0.33,11.09,-0.0388482,1,48.565130757136,0,0,,,,,,,,,,,
Netherlands,2018,,0.37,16.64,-0.2820873,1.83,,0,0,,,,,,,,,,,
New Zealand,1986,NA,0.86,NA,1.20774,6.81,NA,0,0,1.39,26.151206129,72.5872484936,339,52.76943783,9.6846926939,35.42,37,89.33,NA,-1.3113938927729
New Zealand,1987,NA,1.41,NA,0.0861263,6.66,NA,0,0,1.36,28.1626245593,38.7687556262,289,50.0045991108,18.7445420915,36.79,36.88,89,NA,-1.23702293927017
New Zealand,1988,NA,1.31,NA,-0.246703,7.57,NA,0,0,1.19,68.7439873959,29.7695239606,235,48.4045283449,8.016370319,36.71,37.5,89.33,NA,-1.23153246593183
New Zealand,1989,NA,1.18,NA,-0.0558675,9.22,NA,0,0,1.03,72.0665121544,30.7081094419,247,51.9781167466,6.9978134613,36.83,36.57,84.84,NA,-1.3069016875003
New Zealand,1990,NA,0.79,23.06,-0.2267458,8.1,0.049343084935042,0,0,0.95,73.0123673287,19.394722495,171,52.6074506095,21.8251382346,36.38,30.41,80.67,NA,-1.02039882425896
New Zealand,1991,NA,0.61,18.37,0.1842355,5.69,NA,0,0,1.41,76.6406492293,33.4492682349,139,54.6355654429,18.9241152609,35.71,25.17,77.75,NA,-1.04635378578237
New Zealand,1992,NA,0.4,15.45,0.7072105,3.52,NA,1,0,0.93,81.5002425511,36.7929369112,123,59.2348150229,19.7282693814,37.33,28.5,79.75,NA,-0.789299823317761
New Zealand,1993,NA,0.31,12.69,0.7764879,3.02,0.251846904392612,0,0,0.76,79.8700546267,54.7746293743,132,57.5543311183,26.2731125055,39.08,29.5,80.92,NA,-0.780814547828652
New Zealand,1994,NA,0.5,13.93,0.4535778,4.2,0.44703068563943,0,0,0.73,82.3258021435,49.0237583625,144,58.8139203762,27.287937086,37.67,29.5,82.66,0.341836735,-0.981965512937037
New Zealand,1995,NA,0.55,12.39,0.3257557,5.84,0.777442482500118,0,0,0.62,88.4798827881,49.0826601272,135,56.9142524627,26.6913588117,36.34,30.68,83.5,0.5,-0.700282901609802
New Zealand,1996,NA,0.51,16.44,0.8705939,5.3,1.32595247753488,0,0,0.66,93.6165814384,54.5909951553,132,55.1161709578,25.2923826173,35.88,31.41,83.92,0.458015267,-0.691017250617257
New Zealand,1997,NA,0.68,22.36,0.6336278,5.46,2.04243902865752,0,0,0.67,100.3582536684,46.1739763285,120,55.2473906158,29.0466852162,35.66,36.28,86.66,0.436781609,-0.714659498252663
New Zealand,1998,NA,0.79,25.6,-0.1820838,5.35,3.14158554724959,0,0,0.58,104.9597195439,44.0782277779,122,57.8950817217,47.4784880854,30.8,40.04,86.5,0.340996169,-0.103443455023815
New Zealand,1999,NA,0.77,24.37,0.2703665,4.97,4.63877597122674,0,0,1.05,107.6444872293,48.2482295457,113,61.405306108,42.487663792,30.84,38.44,87.42,0.478927203,-0.095458689315321
New Zealand,2000,NA,0.71,23.32,2.253173,6.24,6.74323018871102,0,0,0.55,107.8952511286,35.370674933,131,68.5169268769,53.5921530999,28.09,41.95,88.33,0.444678106,0.38191322054908
New Zealand,2001,NA,0.38,25.75,0.9678661,3.89,8.07706329262291,0,0,0.78,106.7025141401,33.0814506619,145,67.233824352,47.748765836,29,39.96,89.95,0.500996418,0.463055647556096
New Zealand,2002,NA,0.19,27.29,-0.4090234,1.67,10.5489331933289,0,0,1.32,101.5955674572,32.6612646787,149,62.6555310618,11.8870745836,29.8,38.92,90.33,0.48507219,0.611921605659205
New Zealand,2003,99.7208113663,0.21,21.98,-0.6446413,1.13,12.234763211745,0,0,1.18,106.9122780308,37.4497771823,166,57.9147693458,11.6853193488,29.88,41.04,90.92,0.480370976,0.779428616160536
New Zealand,2004,83.4852769068,0.25,15.48,0.1812333,1.35,14.1273630392821,0,0,0.9,110.621570911,42.0874439538,158,58.7998188406,11.6401444914,31.08,40.88,90.5,0.520165908,0.97668474014612
New Zealand,2005,89.9726284664,0.41,12.81,0.3537202,3.21,15.7291032917782,0,0,0.66,120.6206424608,35.384120721,153,58.0197132616,13.4413632482,31.79,40.92,89.54,0.388706767,1.03625046644233
New Zealand,2006,95.0586379344,0.47,12.81,0.5309572,4.96,17.4925263247273,0,0,0.95,129.276708365,40.1557073331,151,59.56690237,12.0645190369,31.59,39.67,86.25,0.411615931,1.45074324425071
New Zealand,2007,63.2141256348,0.94,17.54,0.4169228,5.02,20.4254798468558,0,0,0.94,134.6104076128,34.5816060029,152,58.371154546,12.5305776909,33.04,39.5,86.34,0.303584276,1.49585856808808
New Zealand,2008,50.7436127048,1.55,32.69,-0.674186,1.93,22.9505607103817,0,0,1.21,144.4080699515,18.1645169721,147,64.3370583861,13.621409019,31.79,39,85.04,0.287806095,1.73674853536034
New Zealand,2009,57.3570268928,0.54,31.48,-0.6780831,0.16,25.3563448209684,0,1,3.09,142.1182091028,29.2629131501,143,55.1621887371,9.2851097746,30.92,33.5,87.79,0.343118055,1.92001971363248
New Zealand,2010,62.045418711,0.21,22.55,-0.2242614,0.18,28.7336041746693,0,1,0.99,142.327876911,NA,137,58.2264169493,NA,33.89,33.63,87.97,0.4157812,2.0863869543019
New Zealand,2011,54.2251260906,0.28,24.2,0.0085686,0.1,31.1245061341395,0,0,1.05,NA,NA,144,59.1804577919,NA,36.72,35.14,87.5399999999999,0.486248496,1.95945958217934
New Zealand,2012,60.0751296795,0.34,17.8,-0.2071169,0.14,34.1934316686336,0,0,1.38,NA,30.0069435463,141,57.0275713655,10.1141476941,37.17,36,87.75,0.518362793,2.04493197786329
New Zealand,2013,,0.21,14.23,0.0973709,0.11,36.7246385665545,0,0,,,,,,,,,,,
New Zealand,2014,,0.2,14.18,0.0579681,0.09,39.7719529967335,0,0,,,,,,,,,,,
New Zealand,2015,,0.26,16.67,-0.0884614,0.13,42.9629588914388,0,0,,,,,,,,,,,
New Zealand,2016,,0.43,15.83,-0.2060358,0.4,45.6732900276397,0,0,,,,,,,,,,,
New Zealand,2017,,0.33,11.09,-0.0388482,1,48.565130757136,0,0,,,,,,,,,,,
New Zealand,2018,,0.37,16.64,-0.2820873,1.83,,0,0,,,,,,,,,,,
Singapore,1986,NA,0.86,NA,1.20774,6.81,NA,0,0,1.39,84.4293011996,89.5026031532,122,295.1035753886,16.1353790614,29.54,29.5,76.25,NA,-0.514871157789297
Singapore,1987,NA,1.41,NA,0.0861263,6.66,NA,0,0,1.36,80.6593044338,85.5446757739,127,325.3742102082,40.4010558931,29.67,29.92,77.5,NA,-0.5869041638028
Singapore,1988,NA,1.31,NA,-0.246703,7.57,NA,0,0,1.19,76.4558603603,94.7687370362,132,360.35340947,19.2490182939,30.67,32,77.5,NA,-0.669435396894584
Singapore,1989,NA,1.18,NA,-0.0558675,9.22,NA,0,0,1.03,79.6496168194,118.0811635949,136,348.0501238068,39.2901949115,32.42,30.91,76.33,NA,-0.757010204139145
Singapore,1990,NA,0.79,23.06,-0.2267458,8.1,0.049343084935042,0,0,0.95,79.1478329194,94.7899799737,150,344.2589632563,61.4838700264,34.04,35.11,79.08,NA,-1.22866103652288
Singapore,1991,NA,0.61,18.37,0.1842355,5.69,NA,0,0,1.41,79.8565629332,104.6596660264,166,323.8290364588,37.996234772,34.25,35.17,78.92,NA,-1.39703665453365
Singapore,1992,NA,0.4,15.45,0.7072105,3.52,NA,1,0,0.93,81.0448808184,93.8208656024,181,311.1561765855,38.6358248729,34.51,32.83,77.08,NA,-1.56486466743163
Singapore,1993,NA,0.31,12.69,0.7764879,3.02,0.251846904392612,0,0,0.76,80.916832926,218.7629574475,201,313.2037616275,62.915200411,34.42,32.25,76.5,NA,-1.70157485423378
Singapore,1994,NA,0.5,13.93,0.4535778,4.2,0.44703068563943,0,0,0.73,81.0945600338,181.7464250028,313,315.8438949242,66.2851773269,34.5,32.46,79.5,NA,-1.78971289109808
Singapore,1995,NA,0.55,12.39,0.3257557,5.84,0.777442482500118,0,0,0.62,88.2141162815,168.3971138548,250,345.7442205638,43.2097215593,34.58,32.12,80.5,NA,-1.78668042088152
Singapore,1996,NA,0.51,16.44,0.8705939,5.3,1.32595247753488,0,0,0.66,93.6369127186,155.640777669,266,335.9331652558,40.158204724,44.29,38.24,85.66,NA,-1.74150382547848
Singapore,1997,NA,0.68,22.36,0.6336278,5.46,2.04243902865752,0,0,0.67,96.4319693929,104.266987197,294,325.393364196,70.9869149135,45.05,42.43,88.13,NA,-1.65720292417433
Singapore,1998,NA,0.79,25.6,-0.1820838,5.35,3.14158554724959,0,0,0.58,107.9571082883,110.8263792756,257,313.8848705698,61.5976957609,44.21,47.46,87.92,NA,-1.51250727745517
Singapore,1999,NA,0.77,24.37,0.2703665,4.97,4.63877597122674,0,0,1.05,102.7091300575,223.6627218549,274,337.543957295,55.6558838104,45.67,45.43,85,NA,-1.32330279965938
Singapore,2000,NA,0.71,23.32,2.253173,6.24,6.74323018871102,0,0,0.55,96.2935569252,159.4700391302,328,366.0708870781,62.2622097843,45.42,48.54,85.83,NA,-1.07421962871463
Singapore,2001,NA,0.38,25.75,0.9678661,3.89,8.07706329262291,0,0,0.78,115.6793505949,129.5705146146,318,352.749226281,61.45255453,45.38,47.5,88.63,NA,-0.788197811930429
Singapore,2002,NA,0.19,27.29,-0.4090234,1.67,10.5489331933289,0,0,1.32,102.686207062,110.3808823914,321,354.292081815,62.1249341039,45.42,46.63,89.12,0.461567923,-0.458532486793385
Singapore,2003,NA,0.21,21.98,-0.6446413,1.13,12.234763211745,0,0,1.18,105.4785385199,153.0933309633,475,382.8397510471,63.5251400244,45.5,44.84,86.72,0.458635422,-0.152330257848885
Singapore,2004,NA,0.25,15.48,0.1812333,1.35,14.1273630392821,0,0,0.9,96.4389914068,190.4703629101,536,406.4821775997,50.9491880654,45.93,47.76,83.7899999999999,0.347751166,0.124673535608834
Singapore,2005,93.6435271809,0.41,12.81,0.3537202,3.21,15.7291032917782,0,0,0.66,89.4964021992,201.9654915473,564,422.6483680225,45.3188694977,44.75,47.58,83.75,0.302413305,0.403802644904294
Singapore,2006,83.8292444843,0.47,12.81,0.5309572,4.96,17.4925263247273,0,0,0.95,84.7621947325,260.009190076,461,430.3916366811,48.3713538095,44.46,48.12,84.17,0.251212989,0.667637156158065
Singapore,2007,62.5105286767,0.94,17.54,0.4169228,5.02,20.4254798468558,0,0,0.94,85.8073259409,299.5737136297,472,398.7457686605,70.7168446822,44.5,47,84.5,0.18564731,1.23174610218035
Singapore,2008,76.9670983183,1.55,32.69,-0.674186,1.93,22.9505607103817,0,0,1.21,98.5700440179,137.8453295017,455,441.6038067449,95.4916588169,44.04,45.75,84.38,0.157160048,1.53601459158061
Singapore,2009,65.6627077355,0.54,31.48,-0.6780831,0.16,25.3563448209684,0,1,3.09,97.7392820645,250.1173184794,459,360.9320798405,52.7446837558,44.37,38.67,84,0.168974953,1.77500588390664
Singapore,2010,53.5710300396,0.21,22.55,-0.2242614,0.18,28.7336041746693,0,1,0.99,96.2175957335,273.7592128936,461,373.4445316138,47.2472824463,44.67,39.66,84.5,0.239223983,2.28974276545478
Singapore,2011,52.8446845511,0.28,24.2,0.0085686,0.1,31.1245061341395,0,0,1.05,106.1289950353,217.0805056585,462,379.5938254546,45.9132382273,45.25,45.84,84.08,0.231497511,2.4978362504177
Singapore,2012,66.0302189447,0.34,17.8,-0.2071169,0.14,34.1934316686336,0,0,1.38,115.2884375643,264.5844355021,472,370.960154237,34.0811503706,45.46,45.17,83.08,0.211554375,2.69295953867073
Singapore,2013,,0.21,14.23,0.0973709,0.11,36.7246385665545,0,0,,,,,,,,,,,
Singapore,2014,,0.2,14.18,0.0579681,0.09,39.7719529967335,0,0,,,,,,,,,,,
Singapore,2015,,0.26,16.67,-0.0884614,0.13,42.9629588914388,0,0,,,,,,,,,,,
Singapore,2016,,0.43,15.83,-0.2060358,0.4,45.6732900276397,0,0,,,,,,,,,,,
Singapore,2017,,0.33,11.09,-0.0388482,1,48.565130757136,0,0,,,,,,,,,,,
Singapore,2018,,0.37,16.64,-0.2820873,1.83,,0,0,,,,,,,,,,,
South Africa,1986,NA,0.86,NA,1.20774,6.81,NA,0,0,1.39,70.4604022322,125.0206131046,536,50.6789207267,5.0507331433,27.59,19.72,49.34,NA,-0.766784668489136
South Africa,1987,NA,1.41,NA,0.0861263,6.66,NA,0,0,1.36,71.0886441646,129.2076930387,734,49.0138017844,7.1325912589,32.08,21.96,51.41,NA,-0.780702665964283
South Africa,1988,NA,1.31,NA,-0.246703,7.57,NA,0,0,1.19,72.9254879125,106.6403948748,754,50.0908120399,3.4911944518,32.7,28.32,57.01,NA,-0.813192073864255
South Africa,1989,NA,1.18,NA,-0.0558675,9.22,NA,0,0,1.03,75.441638496,112.8278291511,736,46.5910228472,5.0875049308,32.37,29.33,58.42,NA,-0.857096159146662
South Africa,1990,100,0.79,23.06,-0.2267458,8.1,0.049343084935042,0,0,0.95,78.4724571948,118.4464176311,740,41.6826381154,6.02461249,33,28.83,56.92,0.976744186,-1.76080393420825
South Africa,1991,100,0.61,18.37,0.1842355,5.69,NA,0,0,1.41,NA,149.0233862029,698,38.0508115531,4.3738518836,33.29,29.33,55.84,0.963302752,-1.7794521312462
South Africa,1992,88.5193405137,0.4,15.45,0.7072105,3.52,NA,1,0,0.93,99.3761596256,121.9261346336,642,37.487458401,4.4150109299,34.42,27.72,64.25,NA,-1.76348386870592
South Africa,1993,99.9425074825,0.31,12.69,0.7764879,3.02,0.251846904392612,0,0,0.76,105.0228762042,161.639438088,615,39.12332188,3.64562399,35.04,26.5,64.75,NA,-1.70667156005638
South Africa,1994,100,0.5,13.93,0.4535778,4.2,0.44703068563943,0,0,0.73,111.0089413642,185.7022325674,600,40.7689532941,5.1466453394,34.55,27.33,71.66,NA,-1.5668312478381
South Africa,1995,100,0.55,12.39,0.3257557,5.84,0.777442482500118,0,0,0.62,116.0001418767,178.4310249167,612,43.6109386915,5.7492828312,34,27.62,74.99,NA,-1.39567256016954
South Africa,1996,99.3483852292,0.51,16.44,0.8705939,5.3,1.32595247753488,0,0,0.66,116.7189033912,163.6572328879,599,46.6673284894,11.0305808881,33.66,30.91,74.92,NA,-1.2515128148015
South Africa,1997,100,0.68,22.36,0.6336278,5.46,2.04243902865752,0,0,0.67,113.3613609115,150.7606379706,615,46.8452618839,18.2877176155,35.13,32.63,74.66,0.497461929,-0.980854948786129
South Africa,1998,99.8813456096,0.79,25.6,-0.1820838,5.35,3.14158554724959,0,0,0.58,115.1679270749,122.3272303774,650,48.896617642,32.2085262006,36.17,33.5,72.43,0.781330109,-0.727739517318209
South Africa,1999,98.1651119908,0.77,24.37,0.2703665,4.97,4.63877597122674,0,0,1.05,131.0482394193,190.1014429095,652,46.8618860909,28.0353526732,36.93,32.52,67.08,0.720306513,-0.541284525156457
South Africa,2000,98.0341529524,0.71,23.32,2.253173,6.24,6.74323018871102,0,0,0.55,130.312222875,149.8225367255,604,51.4377739548,34.5088484484,36.92,36.38,65.08,0.610477701,-0.293903970366745
South Africa,2001,100,0.38,25.75,0.9678661,3.89,8.07706329262291,0,0,0.78,138.7925028259,121.3596932089,510,54.8016334271,23.9790826067,36.5,37.17,68.46,0.529467642,-0.109153990158035
South Africa,2002,100,0.19,27.29,-0.4090234,1.67,10.5489331933289,0,0,1.32,110.7183676706,157.5984218287,429,59.7646362953,26.201528486,35.66,36.33,63.58,0.51354222,0.07033939490226
South Africa,2003,100,0.21,21.98,-0.6446413,1.13,12.234763211745,0,0,1.18,115.8622017115,148.7805870771,390,51.4018310924,18.8145869578,37.46,35.91,64.45,0.394977687,0.25145853636244
South Africa,2004,94.1393572407,0.25,15.48,0.1812333,1.35,14.1273630392821,0,0,0.9,126.9323460813,193.5836197946,369,51.078034136,18.9298600718,39.5,36.04,70.59,0.295955719,0.558474148534197
South Africa,2005,89.551184084,0.41,12.81,0.3537202,3.21,15.7291032917782,0,0,0.66,138.1594291341,213.0987055321,348,53.1491153903,20.2641800042,39.84,36.3,70.63,0.266305747,0.737758264490406
South Africa,2006,82.5534350748,0.47,12.81,0.5309572,4.96,17.4925263247273,0,0,0.95,156.9762121988,261.83046944,359,60.2772643253,24.4279829691,39.42,37.7,69.25,0.195600966,0.926717560956423
South Africa,2007,78.749028624,0.94,17.54,0.4169228,5.02,20.4254798468558,0,0,0.94,160.124784844,276.6006789056,374,63.6830872879,31.1191835663,38.96,38.04,68.83,0.189778443,1.1075617203641
South Africa,2008,62.116693519,1.55,32.69,-0.674186,1.93,22.9505607103817,0,0,1.21,140.3498764691,168.3231334404,367,72.8653902408,41.9799996677,37.35,37.8,67.63,0.144139876,1.25157421833593
South Africa,2009,66.3097390053,0.54,31.48,-0.6780831,0.16,25.3563448209684,0,1,3.09,145.9411555307,269.9983909561,353,55.4182616023,27.2224373806,38.17,31.8,68.01,0.187565793,1.38502481498423
South Africa,2010,65.1860618339,0.21,22.55,-0.2242614,0.18,28.7336041746693,0,1,0.99,148.9813957396,246.438960388,352,55.988992754,29.9699078002,40.46,32.5,67.14,0.185805566,1.54536316765916
South Africa,2011,57.5375498936,0.28,24.2,0.0085686,0.1,31.1245061341395,0,0,1.05,139.6023093216,189.4816017495,347,60.1126317485,28.6210852967,38.42,33.96,66.71,0.144735656,2.10497813816715
South Africa,2012,66.4676475797,0.34,17.8,-0.2071169,0.14,34.1934316686336,0,0,1.38,146.4798013326,229.0334582622,338,60.8997154449,24.9926464367,38.67,33.84,65.96,0.157394111,2.40551526929968
South Africa,2013,,0.21,14.23,0.0973709,0.11,36.7246385665545,0,0,,,,,,,,,,,
South Africa,2014,,0.2,14.18,0.0579681,0.09,39.7719529967335,0,0,,,,,,,,,,,
South Africa,2015,,0.26,16.67,-0.0884614,0.13,42.9629588914388,0,0,,,,,,,,,,,
South Africa,2016,,0.43,15.83,-0.2060358,0.4,45.6732900276397,0,0,,,,,,,,,,,
South Africa,2017,,0.33,11.09,-0.0388482,1,48.565130757136,0,0,,,,,,,,,,,
South Africa,2018,,0.37,16.64,-0.2820873,1.83,,0,0,,,,,,,,,,,
Turkey,1986,NA,0.86,NA,1.20774,6.81,NA,0,0,1.39,19.6541456128,NA,80,29.4144594777,NA,28.58,24.56,55.25,NA,NA
Turkey,1987,NA,1.41,NA,0.0861263,6.66,NA,0,0,1.36,20.5815162623,NA,82,33.3382850275,NA,26.63,23.63,54.33,NA,NA
Turkey,1988,NA,1.31,NA,-0.246703,7.57,NA,0,0,1.19,17.3303050118,NA,79,36.2068338434,NA,24.04,19.5,50.16,NA,NA
Turkey,1989,NA,1.18,NA,-0.0558675,9.22,NA,0,0,1.03,16.6357782882,NA,76,33.9836682373,NA,23.21,16.66,45.01,NA,NA
Turkey,1990,NA,0.79,23.06,-0.2267458,8.1,0.049343084935042,0,0,0.95,16.6742651635,NA,110,30.9429955004,NA,23.12,16.04,43.5,NA,NA
Turkey,1991,NA,0.61,18.37,0.1842355,5.69,NA,0,0,1.41,17.1691157625,NA,134,30.4760116734,NA,22.83,16.39,49.26,NA,NA
Turkey,1992,NA,0.4,15.45,0.7072105,3.52,NA,1,0,0.93,17.9412695451,NA,145,31.7373656445,NA,32.84,21.52,67.43,NA,NA
Turkey,1993,NA,0.31,12.69,0.7764879,3.02,0.251846904392612,0,0,0.76,18.1232031149,20.3212208326,160,33.0170877755,43.6982368681,33.67,22.5,65.08,NA,NA
Turkey,1994,NA,0.5,13.93,0.4535778,4.2,0.44703068563943,0,0,0.73,15.9407833014,16.5315108399,176,41.7458523409,100.286692099,32.84,18.5,62.41,NA,NA
Turkey,1995,NA,0.55,12.39,0.3257557,5.84,0.777442482500118,0,0,0.62,18.4861979445,12.2557185992,205,44.2426347506,244.990304125,33.54,18.92,58.33,NA,NA
Turkey,1996,NA,0.51,16.44,0.8705939,5.3,1.32595247753488,0,0,0.66,22.8282327599,16.7029658363,228,49.3693148864,119.5336469626,31.3,17.8,55.58,NA,NA
Turkey,1997,NA,0.68,22.36,0.6336278,5.46,2.04243902865752,0,0,0.67,26.3005518069,32.1832870269,258,54.9703235724,71.5070440263,27.33,22.42,53.9,NA,NA
Turkey,1998,NA,0.79,25.6,-0.1820838,5.35,3.14158554724959,0,0,0.58,16.7836242074,12.2006560245,262,40.2743475402,169.9191483936,26.08,26.54,48.58,NA,NA
Turkey,1999,NA,0.77,24.37,0.2703665,4.97,4.63877597122674,0,0,1.05,16.2268719134,44.0495332585,286,37.4016189806,60.3191086541,30.33,27.01,51.5,NA,NA
Turkey,2000,NA,0.71,23.32,2.253173,6.24,6.74323018871102,0,0,0.55,17.3351687234,25.5370633834,315,42.0005974803,238.0804040457,27.25,26.45,59.09,NA,NA
Turkey,2001,NA,0.38,25.75,0.9678661,3.89,8.07706329262291,0,0,0.78,15.0258779778,24.1632950321,310,49.3988332908,135.7357269851,25.6,23.3,56.42,NA,NA
Turkey,2002,NA,0.19,27.29,-0.4090234,1.67,10.5489331933289,0,0,1.32,14.1623466334,15.1175988658,288,47.4605388343,188.5788108247,30.59,26.81,57.79,NA,NA
Turkey,2003,NA,0.21,21.98,-0.6446413,1.13,12.234763211745,0,0,1.18,14.1350942739,21.9285792933,244,45.6014718378,143.5057546908,30.54,26.93,61.68,NA,NA
Turkey,2004,NA,0.25,15.48,0.1812333,1.35,14.1273630392821,0,0,0.9,16.7398160003,24.2845228572,253,48.119682814,149.0993712995,32.29,29.29,66.98,NA,NA
Turkey,2005,NA,0.41,12.81,0.3537202,3.21,15.7291032917782,0,0,0.66,21.4308025374,31.9086386964,257,45.4371411288,124.8316783044,33.26,33.22,69.33,NA,NA
Turkey,2006,NA,0.47,12.81,0.5309572,4.96,17.4925263247273,0,0,0.95,24.928032014,29.1174054515,259,48.1511087129,140.7739021903,33.26,33.67,65.84,NA,NA
Turkey,2007,NA,0.94,17.54,0.4169228,5.02,20.4254798468558,0,0,0.94,28.2470561869,42.1056758888,259,47.2895853135,114.1534147933,32.83,34.67,63.05,NA,NA
Turkey,2008,NA,1.55,32.69,-0.674186,1.93,22.9505607103817,0,0,1.21,33.6441740099,15.3841190526,250,49.906322471,188.1505319373,31,35.17,60.5,NA,NA
Turkey,2009,NA,0.54,31.48,-0.6780831,0.16,25.3563448209684,0,1,3.09,37.3466947287,35.9379663476,248,45.932474275,134.9812594245,31.05,31.55,59.21,NA,NA
Turkey,2010,NA,0.21,22.55,-0.2242614,0.18,28.7336041746693,0,1,0.99,44.6547847121,39.1828182666,263,45.8992169144,133.3302550688,34.3,35,57.37,NA,NA
Turkey,2011,69.5135066592,0.28,24.2,0.0085686,0.1,31.1245061341395,0,0,1.05,49.424061555,23.6712866998,263,52.6629410582,183.2180232791,32.67,35.5,57.04,NA,NA
Turkey,2012,80.2899493473,0.34,17.8,-0.2071169,0.14,34.1934316686336,0,0,1.38,52.2280014121,36.0645399434,242,52.2453098125,113.8734906965,33.88,33.25,56.66,NA,NA
Turkey,2013,,0.21,14.23,0.0973709,0.11,36.7246385665545,0,0,,,,,,,,,,,
Turkey,2014,,0.2,14.18,0.0579681,0.09,39.7719529967335,0,0,,,,,,,,,,,
Turkey,2015,,0.26,16.67,-0.0884614,0.13,42.9629588914388,0,0,,,,,,,,,,,
Turkey,2016,,0.43,15.83,-0.2060358,0.4,45.6732900276397,0,0,,,,,,,,,,,
Turkey,2017,,0.33,11.09,-0.0388482,1,48.565130757136,0,0,,,,,,,,,,,
Turkey,2018,,0.37,16.64,-0.2820873,1.83,,0,0,,,,,,,,,,,
UK,1986,88.072872733,0.86,NA,1.20774,6.81,NA,0,0,1.39,77.610641684,78.6256952229,2101,49.2077499262999,23.8959773699,37.08,35.17,77.74,0.319377158,-1.64353084828827
UK,1987,79.0403306725,1.41,NA,0.0861263,6.66,NA,0,0,1.36,82.7710460233,91.2165455509,2061,48.5931576327,62.8282798591,38.67,38.23,81.84,0.132928131,-1.36087308383446
UK,1988,96.7398887313,1.31,NA,-0.246703,7.57,NA,0,0,1.19,91.5754459408,78.1792515323,1993,46.1373872469,41.4035563,38.71,40.74,84.92,0.125142786,-1.33329585195951
UK,1989,84.8442473627,1.18,NA,-0.0558675,9.22,NA,0,0,1.03,102.9300350213,87.8556467083,1955,47.4216211131,38.9894963366,38.05,33.14,80.66,0.159668199,-1.29868731714575
UK,1990,99.6937734577,0.79,23.06,-0.2267458,8.1,0.049343084935042,0,0,0.95,104.8059603069,77.7416472134,1946,46.9960707876,35.8000759406,38.75,31.61,77.33,0.156741447,-1.52915545719397
UK,1991,100,0.61,18.37,0.1842355,5.69,NA,0,0,1.41,102.3337644259,86.6223568752,2027,44.1309100323,33.7161452337,38.29,27.79,76.34,0.169138885,-1.50111213037653
UK,1992,77.7043033969,0.4,15.45,0.7072105,3.52,NA,1,0,0.93,101.6779981255,80.945609813,1918,45.0970591666,34.3950868934,37.5,28.58,78.58,0.170496032,-1.39365696982854
UK,1993,95.19943329,0.31,12.69,0.7764879,3.02,0.251846904392612,0,0,0.76,99.8762246833,108.3753167789,1927,48.4472838948,36.2691458146,34.5,27.63,77.34,0.236634354,-1.1987591235725
UK,1994,94.2579990192,0.5,13.93,0.4535778,4.2,0.44703068563943,0,0,0.73,100.0308643632,100.2490249532,1747,50.5273976511,41.4671995138,33.92,28.5,79.09,0.170668616,-1.05515223588866
UK,1995,99.8420975927,0.55,12.39,0.3257557,5.84,0.777442482500118,0,0,0.62,99.1022487408,100.7332450039,1971,50.5786198703,37.7261114789,35.17,30.1,78.25,0.241838814,-1.05841599951341
UK,1996,100,0.51,16.44,0.8705939,5.3,1.32595247753488,0,0,0.66,102.1268899093,122.8465846579,2041,51.8488072573,34.4007459298,34.12,36.8,81,0.205528944,-0.868041172259965
UK,1997,87.2128443394,0.68,22.36,0.6336278,5.46,2.04243902865752,0,0,0.67,103.6408178047,134.5558937433,2046,50.6090929909,40.4637730423,34.96,41.91,87.5,0.135163732,-0.253637663099649
UK,1998,97.475402828,0.79,25.6,-0.1820838,5.35,3.14158554724959,0,0,0.58,104.4239157489,141.5189568672,2399,48.6228817882,45.4680194529,36.09,39.92,88.67,0.130225085,-0.550156526612891
UK,1999,93.4742012434,0.77,24.37,0.2703665,4.97,4.63877597122674,0,0,1.05,107.7387008485,178.8447414581,2292,49.0760425184,48.1852648484,36.96,39.13,86.75,0.124858407,-0.210751774282791
UK,2000,98.5666500356,0.71,23.32,2.253173,6.24,6.74323018871102,0,0,0.55,116.8210957355,157.5716419755,2428,51.8268272667,71.1443457936,36.42,42.09,89.67,0.149916684,-0.090197572727647
UK,2001,82.0476294279,0.38,25.75,0.9678661,3.89,8.07706329262291,0,0,0.78,122.5282555831,133.2582117002,2438,51.9593958459,88.1106110777,36.29,40.83,90.29,0.142750713,0.212898808129715
UK,2002,75.4819067583,0.19,27.29,-0.4090234,1.67,10.5489331933289,0,0,1.32,126.8691819909,105.6112899377,2405,50.5697342434,56.4367035048,36.92,40.41,88.84,0.115880094,0.839439745432779
UK,2003,79.5914654411,0.21,21.98,-0.6446413,1.13,12.234763211745,0,0,1.18,131.3016469891,119.5876832771,2311,49.639703521,51.3519215342,41.89,40.26,86.17,0.097497883,0.826558714548064
UK,2004,66.6139050836,0.25,15.48,0.1812333,1.35,14.1273630392821,0,0,0.9,138.999397643,117.8703759893,2486,49.6626494206,57.575159689,40.55,39.63,85.92,0.089265676,0.485837941613383
UK,2005,62.3465498039,0.41,12.81,0.3537202,3.21,15.7291032917782,0,0,0.66,145.1250745764,121.9320595713,2757,52.1348617608,56.5663551882,39.16,38.96,83.59,0.070749865,0.691763820680391
UK,2006,60.4398149734,0.47,12.81,0.5309572,4.96,17.4925263247273,0,0,0.95,155.8368667064,141.1861928294,2913,56.0369843176,73.0767944907,39.71,38.5,81.75,0.059541476,1.07962055929663
UK,2007,53.3209581521,0.94,17.54,0.4169228,5.02,20.4254798468558,0,0,0.94,171.8917753725,125.5780394165,2588,52.3373985068,102.6319860474,39.92,39.5,81.84,0.051302377,1.34095576357573
UK,2008,50.3328760532,1.55,32.69,-0.674186,1.93,22.9505607103817,0,0,1.21,194.7615857292,64.968765626,2415,56.7548579129,146.4314209773,39.04,38.13,79.88,0.05212712,1.47087891344637
UK,2009,37.7990296905,0.54,31.48,-0.6780831,0.16,25.3563448209684,0,1,3.09,196.1545595525,NA,2179,54.7244117808,NA,37.71,32.92,76.42,0.056587524,1.99896648008247
UK,2010,29.7353668508,0.21,22.55,-0.2242614,0.18,28.7336041746693,0,1,0.99,188.8347529278,NA,2105,59.2218203695,NA,39.51,32.04,79.67,0.059013301,3.32072326092792
UK,2011,23.783280477,0.28,24.2,0.0085686,0.1,31.1245061341395,0,0,1.05,173.9567051454,NA,1987,62.7065223666,NA,38.93,33.83,79.79,0.059868013,3.45360121264869
UK,2012,34.5533426413,0.34,17.8,-0.2071169,0.14,34.1934316686336,0,0,1.38,164.4683433812,NA,1879,61.8261968044,NA,37.92,34,76.91,0.063484895,3.53448242129465
UK,2013,,0.21,14.23,0.0973709,0.11,36.7246385665545,0,0,,,,,,,,,,,
UK,2014,,0.2,14.18,0.0579681,0.09,39.7719529967335,0,0,,,,,,,,,,,
UK,2015,,0.26,16.67,-0.0884614,0.13,42.9629588914388,0,0,,,,,,,,,,,
UK,2016,,0.43,15.83,-0.2060358,0.4,45.6732900276397,0,0,,,,,,,,,,,
UK,2017,,0.33,11.09,-0.0388482,1,48.565130757136,0,0,,,,,,,,,,,
UK,2018,,0.37,16.64,-0.2820873,1.83,,0,0,,,,,,,,,,,
US,1986,100,0.86,NA,1.20774,6.81,NA,0,0,1.39,109.9091391316,55.2909912628,6580,16.8592781725,85.9641129731,38.71,38.79,85.33,0.130524841,-2.13209386473556
US,1987,95.7017406957,1.41,NA,0.0861263,6.66,NA,0,0,1.36,112.2721483085,51.9847000657,7001,17.9182570304,113.6346079461,38.46,38.88,82.09,0.117201985,-1.79006051588421
US,1988,99.7110407362,1.31,NA,-0.246703,7.57,NA,0,0,1.19,113.3404149978,52.9247487306,6795,19.0113179514,70.6886121708,38.3,35.46,79.16,0.195182841,-1.49051087124397
US,1989,99.7278658626,1.18,NA,-0.0558675,9.22,NA,0,0,1.03,117.2052009956,59.7811440105,6627,19.3598875018,69.2314983802,38.38,35.17,82.25,0.167235699,-1.36414724990547
US,1990,100,0.79,23.06,-0.2267458,8.1,0.049343084935042,0,0,0.95,114.4757275929,51.733463621,6429,19.7606056202,65.6903258613,39.04,35.17,81.5,0.182079969,-2.06873196868366
US,1991,92.7807234387,0.61,18.37,0.1842355,5.69,NA,0,0,1.41,118.870484669,67.3723069308,6513,19.7355120462,51.4435202733,40.42,28.81,77.01,0.20574625,-2.29318467618222
US,1992,100,0.4,15.45,0.7072105,3.52,NA,1,0,0.93,117.9001133381,69.5157691979,6562,19.8927438553,55.6651130131,40.38,27.96,74.92,0.17352514,-1.83152586531879
US,1993,99.2742370904,0.31,12.69,0.7764879,3.02,0.251846904392612,0,0,0.76,120.639941587,76.3380564518,6912,19.9859043502,65.4039272301,39.58,27.92,77.5,0.181088388,-1.70665367456363
US,1994,94.4857383315,0.5,13.93,0.4535778,4.2,0.44703068563943,0,0,0.73,119.829183112,70.2956914002,7255,20.9935071021,71.018467058,38.8,30.37,81.42,0.189184226,-1.0985415227685
US,1995,94.1407037431,0.55,12.39,0.3257557,5.84,0.777442482500118,0,0,0.62,129.7556944837,90.70944121,7487,22.3821838556,74.490958463,38.26,32.25,79.42,0.226885552,-1.02598255216203
US,1996,98.2216713305,0.51,16.44,0.8705939,5.3,1.32595247753488,0,0,0.66,137.2054941507,104.6948958427,8090,22.6112413754,82.135469183,37.92,34.01,82.43,0.225990026,-1.1551618217614
US,1997,84.7791323865,0.68,22.36,0.6336278,5.46,2.04243902865752,0,0,0.67,146.0526455839,125.1103471389,7905,23.3441191657,86.0299264364,36.79,39.62,84.84,0.160108241,-0.912513918368292
US,1998,88.842627236,0.79,25.6,-0.1820838,5.35,3.14158554724959,0,0,0.58,157.3471551766,142.1756094727,7499,22.7597399454,95.2227558274,37.42,40.88,84.84,0.112569634,-1.27383980517664
US,1999,96.6582637715,0.77,24.37,0.2703665,4.97,4.63877597122674,0,0,1.05,171.0910703803,152.9651438665,7229,23.1930256265,127.3278164177,36.63,41.34,88,0.12006485,-0.028279236493058
US,2000,95.621263687,0.71,23.32,2.253173,6.24,6.74323018871102,0,0,0.55,162.0853782893,146.8942696776,6917,24.9831814568,197.1309012175,33.33,42,89.42,0.103716932,0.738014535742093
US,2001,89.149857832,0.38,25.75,0.9678661,3.89,8.07706329262291,0,0,0.78,170.2077334178,131.6503267235,6177,22.8031362598,149.3426659361,36.38,39.75,86.91,0.072333189,0.761034285683214
US,2002,82.2669557637,0.19,27.29,-0.4090234,1.67,10.5489331933289,0,0,1.32,161.6882128704,100.7006686578,5685,22.1496597499,154.2626919705,35.83,40.33,79.62,0.05549499,1.62424704656608
US,2003,84.2265775211,0.21,21.98,-0.6446413,1.13,12.234763211745,0,0,1.18,176.564491582,123.9394896214,5295,22.4505871509,112.4686991932,33.12,38.54,80.32,0.052624473,1.25283777361812
US,2004,95.4940880776,0.25,15.48,0.1812333,1.35,14.1273630392821,0,0,0.9,183.9363183813,132.9842939201,5226,24.2949205079,117.0267340545,33.13,39.34,82.59,0.053105412,1.42436819923215
US,2005,97.8085008012,0.41,12.81,0.3537202,3.21,15.7291032917782,0,0,0.66,187.8475088217,129.8397757063,5145,25.5006634475,151.71106002,31.93,38.34,81.76,0.042563694,1.58445217874784
US,2006,90.3748187752,0.47,12.81,0.5309572,4.96,17.4925263247273,0,0,0.95,197.7071203472,141.2321786954,5133,26.8736222464,156.2768663505,30.79,38.42,80.34,0.043798375,2.67315591704307
US,2007,85.3881818504,0.94,17.54,0.4169228,5.02,20.4254798468558,0,0,0.94,206.302776973,137.607280609,5109,27.9589311376,215.0987521869,31.08,39.08,77.42,0.045590163,2.66712278713309
US,2008,95.5302936757,1.55,32.69,-0.674186,1.93,22.9505607103817,0,0,1.21,188.0240953265,78.7458858469,4666,29.9414101168,407.6304010722,33.09,38.59,80.26,0.038880353,3.00989444333956
US,2009,84.6600300637,0.54,31.48,-0.6780831,0.16,25.3563448209684,0,1,3.09,191.8400448571,104.5672977366,4401,24.7658273029,227.5368479848,33.17,31.05,83.96,0.040292281,3.09696739087926
US,2010,74.4514015382,0.21,22.55,-0.2242614,0.18,28.7336041746693,0,1,0.99,187.2117479557,115.4973404831,4279,28.182452294,208.4385620126,36.5,36,81.7899999999999,0.04256014,2.89695932476471
US,2011,56.598517347,0.28,24.2,0.0085686,0.1,31.1245061341395,0,0,1.05,177.8536449346,100.7912206825,4171,30.8851646799,262.4276965551,35.54,35.41,81.21,0.039166983,3.17433114347533
US,2012,77.7831748701,0.34,17.8,-0.2071169,0.14,34.1934316686336,0,0,1.38,179.0648584726,115.5557941363,4102,30.7146275314,173.2852353025,32.88,35.99,83.63,0.053265179,2.29103826074382
US,2013,,0.21,14.23,0.0973709,0.11,36.7246385665545,0,0,,,,,,,,,,,
US,2014,,0.2,14.18,0.0579681,0.09,39.7719529967335,0,0,,,,,,,,,,,
US,2015,,0.26,16.67,-0.0884614,0.13,42.9629588914388,0,0,,,,,,,,,,,
US,2016,,0.43,15.83,-0.2060358,0.4,45.6732900276397,0,0,,,,,,,,,,,
US,2017,,0.33,11.09,-0.0388482,1,48.565130757136,0,0,,,,,,,,,,,
US,2018,,0.37069387755102,16.6398406374502,-0.2820873,1.83166666666667,,0,0,,,,,,,,,,,
